col1,col2,score,years_experience,rating,city,department,education,optional_field
40.960569836134795,111244.34299681778,,8.0,2.0710066621581666,San Francisco,Finance,High School,
33.340828385945784,76092.64928379758,,12.0,3.28759587064148,Chicago,HR,,
,38089.89473703976,0.2761974130074415,10.0,4.858742225787367,Chicago,HR,Bachelor,
53.2763582768963,21643.28617258559,0.09425356031693806,8.0,4.502226617398425,San Francisco,Marketing,Master,
32.19015950331997,63486.251580194505,0.4118445340829866,11.0,4.503735701781299,Chicago,Engineering,Master,
32.19035651660983,49751.12265876217,0.5157009792685964,9.0,1.7042681441506304,New York,Marketing,Bachelor,
53.9505537860887,74321.42714606387,,9.0,2.0596287739912804,New York,Sales,Master,
,60363.351791133384,0.27170217319000567,7.0,1.3055732671812228,San Francisco,HR,PhD,
29.366307368780575,84089.93604356895,0.16115555595365105,12.0,4.11387335966074,Chicago,Engineering,Bachelor,
41.51072052303157,,,4.0,1.2792652059422478,Boston,Marketing,Master,100.15005948963376
29.438987686250453,104184.14657239712,0.24747616586330073,11.0,3.226782683283413,San Francisco,Finance,Bachelor,
29.41124295715692,42534.87827963345,,9.0,1.991502289295803,Chicago,Sales,,
37.90354725879241,191034.3813887249,0.47222499596045936,5.0,1.973782536114979,New York,Marketing,Master,
12.040637064106425,20923.950641134077,0.21903951367592533,2.0,4.96290022099042,Boston,Finance,Bachelor,
14.300986009843607,145622.2243018366,,6.0,4.02711922791415,Chicago,Engineering,Master,
28.252549649108328,42545.46835863439,,6.0,4.347757433164201,Austin,Engineering,High School,
22.846026555986914,21565.834323430492,,6.0,3.2879307413760506,Austin,Sales,Master,
38.77096799114329,24658.854718498125,0.5758311543371692,8.0,4.484057149574997,New York,Finance,Bachelor,
24.103711093745467,28105.544624202055,0.17478898807467755,7.0,3.5819621566654116,San Francisco,HR,Master,
,50987.34568634646,,7.0,4.784694819185381,Boston,Engineering,Master,
,55175.17431484393,0.23996872315505716,6.0,2.125354344182547,New York,HR,Bachelor,
32.29068439416157,22949.23764488448,0.4457504855829945,8.0,3.38127818313158,Chicago,HR,Bachelor,
35.81033845625509,35614.79164498,,,3.7605253917475685,Boston,Marketing,Master,
17.903021765438517,201554.74017800973,0.12477872464880943,8.0,2.5717492201112266,,Marketing,Master,
28.467407305697808,144644.53604727428,0.4135696874278296,7.0,4.518831929616213,Austin,Engineering,Bachelor,
36.33107107651839,51485.677220040525,0.0855221607194543,12.0,4.9192126524166175,Boston,HR,PhD,
21.188077070932366,37436.5501356987,0.10238495285184403,8.0,2.9750779654906463,Chicago,Marketing,Master,
39.508376220148065,39975.620563623066,0.22850508874050057,6.0,2.5625626192173563,New York,Finance,Bachelor,
,59326.67873617931,0.5466614162505907,9.0,2.8877517142258347,San Francisco,Finance,Bachelor,
31.49967500248068,16022.767329036837,0.35108503224370974,7.0,4.410946982927726,New York,Finance,Master,
27.779520653247236,29557.676527495387,,8.0,3.5818737020726705,Austin,Finance,Master,
57.227338214107256,9557.990076505552,0.05369951548994858,9.0,1.1790894900723803,Austin,HR,Master,
34.83803330314479,49980.014678892236,0.3806987361056626,7.0,3.1686796417828593,Chicago,Finance,Bachelor,
22.3074688525292,60946.80733079839,,7.0,1.0692004909638793,,HR,Master,
44.870538945238266,24672.655143988795,0.3066911814390244,6.0,4.114141484013622,New York,Engineering,High School,
,127923.71780887163,0.34303308364673246,7.0,2.313249094169855,Austin,Engineering,Bachelor,
37.50636314005706,13621.265219126908,0.47611454437072087,10.0,2.8880299284693174,Chicago,Finance,Bachelor,
11.483958513442694,11254.238540499227,0.2554704259647891,10.0,4.194712423630528,Boston,Finance,PhD,
19.061767413218835,43458.48766340625,,7.0,1.1857952691430462,Chicago,Finance,Bachelor,
37.36233483042948,83924.98491376826,0.15400666296079904,10.0,1.6341661423664418,Austin,Engineering,Bachelor,
,139684.57907778703,,6.0,2.5918415057804594,Chicago,Marketing,Bachelor,
37.05641937427965,25157.02824840102,0.44834545888275384,8.0,1.9197006541822423,Chicago,Engineering,Bachelor,
33.612220611341115,86072.45037044729,0.10997586339778063,7.0,2.3516057031002524,San Francisco,Finance,Master,
31.386755652928535,35213.796273973094,0.29980310270744265,7.0,4.99269895156986,Boston,Marketing,Bachelor,
17.257736115590873,,,8.0,4.301657750295243,Chicago,Marketing,PhD,
26.361869499263495,73638.84493931948,0.06705426999363957,9.0,4.535607259840434,San Francisco,Sales,Master,
,61197.29711458347,0.3373425781481131,9.0,4.748218534263101,New York,HR,Master,
47.68546671462699,10289.572413948661,0.06163751556213369,10.0,2.3637435212567826,New York,Finance,Bachelor,
39.12341947482154,118329.96088035847,0.2669105924136806,7.0,2.188307831185891,San Francisco,HR,Master,
13.843518135647193,109543.06989935327,0.014681933127792124,4.0,1.9362499702882996,New York,Sales,Master,
38.88900763273754,,0.09291290127017376,6.0,4.32046764523249,New York,HR,PhD,
,49843.47263767708,0.16208459011388984,7.0,3.7182074491407398,San Francisco,Finance,PhD,
26.876935996328495,53918.24242213059,0.05558771864927384,6.0,1.9446879299315092,New York,Sales,Master,
42.34011546609042,44736.232049170445,,10.0,2.5079753168418195,Austin,HR,,
47.371994269951415,23382.797394905465,0.32618555306964203,7.0,3.026847055731193,San Francisco,Engineering,PhD,
46.175361429394385,21220.040179717253,,15.0,3.1125602290950147,Chicago,Marketing,Master,
24.929389721328338,35580.632688723315,0.10991865606237472,5.0,4.554910914206859,,Sales,,
31.289451489785424,92798.26434379227,0.21718481039517945,5.0,2.5222645317888652,San Francisco,Engineering,Bachelor,
38.97516117684277,56099.38470781716,0.07822097883115157,6.0,4.634096122002049,San Francisco,Finance,High School,
46.70654152546831,26997.74260667792,,8.0,2.7654702412791585,Austin,Marketing,Bachelor,
29.24990914585652,67329.85099748448,0.5954379734962467,13.0,3.9854906991694152,Austin,Sales,,
32.772092280034194,3718.8356594252336,,8.0,4.721017279940224,New York,Marketing,,
21.72398031192766,91036.2047068639,0.10556720645550324,6.0,4.6303028158530655,Chicago,Sales,Master,
20.64552051103195,9029.289642957452,,13.0,1.2278114691827247,,Sales,Master,
44.750309868730376,27174.851485989497,,5.0,1.8228171799062793,Boston,HR,,
,14827.874259515183,0.36797659433535934,,2.9076217021291004,Boston,Marketing,,
34.13587854103599,12890.61517046558,0.159129571300425,6.0,2.726217159812429,Chicago,Marketing,Master,
47.04239477470429,91918.85260474724,0.7380869638355531,6.0,3.563566659348828,Chicago,Engineering,Master,
39.33963230057161,24980.206217518717,,7.0,4.778836203301649,Austin,Finance,Master,
27.258562944738507,,0.17097774059130702,8.0,1.4496188451117953,Chicago,Engineering,Bachelor,
39.336747266100964,34977.61403695181,0.08072398199878913,6.0,2.807434660536962,Chicago,HR,,
53.45643879759163,53190.37095059459,0.4477791997522805,9.0,1.7696441515485573,Boston,Sales,Bachelor,
34.57008753068058,38617.372263553996,0.1973516547155251,,4.5764303935917905,Chicago,HR,Bachelor,
53.77572386976807,13011.725879810838,,6.0,4.858320743206612,Chicago,HR,High School,
,80580.62021152792,0.2791904822094437,6.0,2.9148067275614005,Austin,Engineering,Master,
44.86283005250269,24464.900421480757,,6.0,1.416041190912563,Chicago,Sales,Master,
36.044564818858056,10453.94273104709,0.38880045320267814,5.0,4.141178666890693,Chicago,Finance,Master,
31.411911794409587,25783.95997635287,,7.0,3.788565401969596,New York,HR,Bachelor,
36.101129318426025,120645.02467204622,0.23935370414756976,4.0,2.418683306441242,,Finance,Master,
11.149173024789286,71695.07919015766,0.20045204994057464,12.0,4.549629895875854,New York,Sales,PhD,
32.36393734594986,27476.277979943196,,6.0,4.903327559130829,San Francisco,Sales,Bachelor,
39.28535085814096,27462.970157970805,0.4674355152035755,10.0,3.2314153965207817,San Francisco,Engineering,PhD,
52.734728536898196,28076.605358097368,0.12791579245418194,4.0,3.2629116453771694,,Marketing,Master,
28.78075738071623,191261.7880876056,0.40373494198452503,8.0,2.1900540204551113,Chicago,Engineering,,
25.29807676528175,49293.54220948383,0.08948655761560051,2.0,3.3380241439332567,Austin,Finance,,
28.978915476985563,51227.57896939696,0.24781566399063273,,2.758569282099386,San Francisco,Engineering,Bachelor,
45.98482541242489,82803.59549021839,0.26449203451846,9.0,2.2087641077122075,Austin,Sales,Bachelor,
38.94501331591621,43959.82058657871,,6.0,1.2687407860956053,Chicago,HR,PhD,
28.642877554795533,29518.31754459548,0.38950793387251037,10.0,2.0108314388364996,Chicago,Marketing,PhD,
41.159209197360276,31036.52825950503,0.09718177285658083,6.0,1.7914185987106577,New York,Sales,PhD,
36.16493059217648,34293.77029029629,0.3828986050331805,8.0,3.1681679382157957,San Francisco,HR,PhD,
46.623739886394674,35250.04943998251,0.297838427885603,3.0,3.4066800870543754,Chicago,Finance,High School,
26.57536287347177,64997.47064128168,0.5903979088514874,5.0,3.434286897224066,Chicago,Finance,High School,
31.068054240826783,37856.45207404392,0.17609833187507087,,2.5527240041827164,Boston,Finance,Bachelor,
30.294702162414108,65258.53111998847,0.2144134952920709,9.0,2.684918934741984,Austin,Engineering,Master,
17.437820622414577,34044.600926715095,0.6204682337798466,7.0,4.33695371856256,Boston,Finance,Bachelor,
,,0.48723314496000425,8.0,2.9049312540686496,Chicago,Finance,Master,
,7342.535165530758,0.0962069245149608,4.0,4.95109332854849,,Engineering,High School,
35.06136147970953,75588.70451005435,0.24965580347196684,12.0,2.7584689200354595,Austin,HR,,
32.18495439949823,47915.33032429918,,,3.598323778471356,New York,Sales,Master,
18.01555109539503,80693.07895071623,0.4009150563139554,6.0,1.2014519959735832,San Francisco,Marketing,Master,
29.95225612681569,3579.5618994284337,,9.0,3.6133596976752433,New York,Finance,Bachelor,
30.887425801678766,193049.08535678772,0.5572754113921148,14.0,4.405705577660024,New York,Finance,,
25.372672769340575,32478.32742701044,,8.0,4.769831354133185,New York,Finance,Master,
33.06457146000789,88128.05916049494,0.12295220654768171,8.0,4.989282446559082,New York,Engineering,,
39.84861028177446,15804.899380156286,0.5302969759506505,6.0,2.1287145825969325,Chicago,Engineering,Master,
57.63423081452636,59291.37479383983,0.2709993961105075,8.0,3.3014802593028674,San Francisco,Engineering,,
37.09493375398207,15635.00437106401,0.27708902751884185,6.0,2.8028719421285895,San Francisco,Marketing,,
38.09060468867317,22048.168836072036,0.3011841922288169,11.0,3.255269922300684,Austin,Sales,Bachelor,
34.106649010805995,,0.14014940155761474,5.0,1.6298118287593866,Austin,Finance,Master,
,31177.566083725076,0.07373378490111673,,4.424598290383766,Boston,HR,Bachelor,
34.6818334946094,43215.145304503785,0.32915651051709327,,4.63827577337835,Chicago,Finance,PhD,
35.72276251929232,,0.359768584824016,11.0,2.79864665245169,San Francisco,Finance,Bachelor,
64.55890534982343,53989.53499508144,0.30977747327024047,6.0,2.1217194462943074,San Francisco,Finance,PhD,
,40959.33909121639,0.18035041428788406,,1.5633337106120493,New York,Finance,Master,
38.61856810800335,,0.11049325801614986,9.0,3.7350592991112177,New York,Sales,,
34.58345876353708,248384.31134011102,0.2268526189451653,9.0,2.248927358482941,San Francisco,HR,Bachelor,
20.975863548565616,34679.53291482519,,9.0,4.638154279653555,Boston,Engineering,Bachelor,
48.71387377418024,,0.24313915351568324,7.0,3.68404989937948,New York,HR,Master,
44.02319639224129,84164.08091925475,,5.0,3.582741300696963,New York,Finance,Bachelor,
44.49238336451656,87940.94128239929,0.24855717435847977,2.0,3.2376084635929634,,HR,High School,
24.087350542463135,93866.06872386098,,9.0,1.1831053577149024,Chicago,Finance,Bachelor,
,60535.43515629208,,6.0,4.727689742742347,San Francisco,HR,High School,
18.177787246492628,14553.635003480409,,7.0,3.51174997319784,San Francisco,Marketing,PhD,
,134154.20834977785,0.16973758904288572,4.0,4.976247933532441,New York,HR,Bachelor,
61.285467509719744,14514.794020930036,0.204026175015018,9.0,3.149425619091548,,Engineering,Master,
23.11356409843174,46263.489819760245,0.25492632671059895,8.0,3.8404435676248525,New York,Engineering,Bachelor,
28.204427244766737,19862.31148867874,0.2890608269629375,10.0,1.2248382314648887,San Francisco,HR,Bachelor,
36.19581638105169,34499.12784088661,0.1407896901376908,9.0,3.5269447072936435,New York,HR,Bachelor,
28.958292150605608,47240.64520508945,,9.0,4.0585984463614295,Austin,Sales,,
,46961.611594276044,0.5651992012277928,2.0,4.11405717941023,Chicago,HR,Master,
35.82275569767233,50895.84677269758,,6.0,4.080446608921141,Chicago,Engineering,Master,
22.25235543528674,132054.37060006004,0.20749581324893812,7.0,1.9051305091746706,San Francisco,Marketing,Bachelor,
40.68310916762218,52199.46063795823,0.1937947313120766,7.0,4.901593910420903,,Engineering,,
23.96690918919436,,0.39173659785710696,,4.980728482499755,New York,Sales,Bachelor,
53.59921286021048,78532.6495103911,,,1.302383500646405,,HR,Bachelor,
25.600960491965154,,0.513200034727355,6.0,4.745785691247029,San Francisco,Marketing,Bachelor,
31.135261805531893,13601.206049334292,0.16801384883050952,10.0,2.1577967772174773,San Francisco,Engineering,,
44.76220660843604,58566.612221526084,0.34984513829632496,10.0,3.757136327003859,Chicago,Marketing,Master,
20.229628202792536,63636.22698515428,0.06470899156806993,12.0,2.3524436829445285,Austin,Finance,Bachelor,
37.72951921524955,28622.522798232156,,8.0,4.871017293492486,Austin,Engineering,High School,
50.685713051389136,109159.5061423947,0.3602074853627583,,1.406015433214142,New York,Finance,Bachelor,
15.71020118526527,32207.529202820766,0.3368158164406375,8.0,2.990987267825504,Chicago,Marketing,,
,40153.350392385546,,8.0,2.7121911677682986,New York,HR,Bachelor,65.01347434340673
38.11859353098108,31619.918730678957,,8.0,2.3040938091119396,Chicago,HR,,
44.38187446132772,36770.943668926586,0.3090542956810058,14.0,3.5821359635205945,San Francisco,HR,High School,
20.156591469463017,15108.003726411183,,2.0,1.52422297368667,New York,Finance,PhD,
19.154520642988686,11475.381653323682,0.15601939383489905,7.0,3.8666496725347876,Austin,HR,,
41.263298787402775,130040.86817102211,,7.0,4.92236849521915,Chicago,Sales,PhD,
38.56381607879823,18442.8293599295,0.0405952160464261,5.0,4.218234857874521,San Francisco,Engineering,PhD,
38.00591420415052,16430.359975445208,0.5013100171730703,7.0,4.440067011638181,,Engineering,Master,
,6485.2646735975895,0.12548012366790592,8.0,2.43854697271601,,Marketing,PhD,
26.83970334105811,21781.812288167323,0.37832624698778555,8.0,2.299546425924875,Boston,Finance,Bachelor,
,12600.958547872859,,12.0,3.068193418760533,Chicago,Engineering,Master,
38.516869679584175,135078.60241681364,0.12136225357209518,4.0,1.1829064590490908,Boston,Finance,PhD,
26.427782983683585,81458.88321318848,0.16476671994108208,6.0,4.781432537826131,New York,Marketing,Bachelor,86.47144227841534
57.38929413373708,20941.32427560592,0.42106902306580285,8.0,1.5751406920647688,Chicago,HR,PhD,112.82839537733433
,220124.51539026972,0.22306564310409913,9.0,4.61205215667237,Austin,Marketing,Bachelor,
20.704358033568216,79651.20067346682,,6.0,1.3343288880014228,San Francisco,Sales,PhD,
42.878643303605955,28004.903342286318,0.17653263115212867,11.0,4.29049971071424,New York,HR,Bachelor,
,4917.106015051683,0.16939987569774237,6.0,1.6078501035128605,Chicago,HR,Bachelor,
44.44501524490943,227011.0691551279,,9.0,1.1525264563658908,Chicago,HR,,
,11948.272982098748,0.15521976788527783,12.0,3.8779578010376348,Chicago,Marketing,PhD,
25.151812179779476,9736.928544856633,0.2516719879928031,7.0,2.121061200697713,,Sales,Bachelor,
46.56051355093186,82294.23582283879,0.6988438963940432,14.0,3.857984611137398,Austin,Finance,Master,
,255710.67922465116,0.16287619472878653,6.0,3.220341001891279,Chicago,Marketing,Master,
44.86472191993388,109910.1238406643,0.03586107451957101,9.0,1.4352295609202623,New York,Engineering,Bachelor,
57.761515791847366,57018.2856382318,0.18689261626561332,8.0,4.728520293204655,San Francisco,Engineering,High School,
32.05534260796556,58442.782246633506,0.28021975907890234,10.0,2.8092566990539103,Austin,Marketing,Bachelor,
,,0.5039853388745347,9.0,3.937789111194752,Boston,Finance,Master,
24.32582684449372,66645.50435735917,0.2905356993774629,5.0,3.0040822880625004,New York,Engineering,Master,
,45476.59782808316,0.21370325400439458,7.0,3.417445899844819,San Francisco,Finance,Bachelor,
34.07477948703075,,0.17420404077010232,10.0,2.2110943694267697,San Francisco,HR,Bachelor,95.9341498983822
39.09382369779972,34541.80116910074,0.39919600736253635,6.0,1.8014412160138011,New York,Marketing,Master,
38.320289591960226,19867.257997290675,0.2659319496638474,7.0,3.1702808136322713,San Francisco,HR,High School,
,29011.858480484494,0.4020401338219226,8.0,2.760875891884008,Chicago,Engineering,Bachelor,
35.156022702534884,9373.431673118548,0.1054043592980552,6.0,2.5604528537357325,New York,Finance,Bachelor,112.92280521204185
,33567.9928623757,,5.0,3.690268780378492,Austin,HR,High School,
31.824118001144527,16467.22159891891,0.3548328182831717,7.0,3.7620265280445437,Austin,Engineering,Bachelor,
67.64202999907542,15019.85912671767,0.07851743073924757,4.0,1.1836802243650522,Boston,Sales,,
,41936.6456247698,,12.0,2.3549779769746886,New York,HR,,
24.71410932300461,110591.86688624132,0.24137784545030638,12.0,2.6470582009055095,Chicago,Sales,Bachelor,
22.14929002326665,75709.07283864477,0.4688543103047804,9.0,1.3875686446566724,San Francisco,Sales,Master,
40.78966898291822,10338.18413532935,,7.0,1.9436034667931534,San Francisco,Engineering,,
32.31844657608979,16453.565669738946,0.13208665662881736,5.0,1.2065671888910265,Chicago,Marketing,Master,
43.568005929105105,77081.37418387315,0.29893631402013454,5.0,4.9849683944680825,Austin,Finance,,
40.67885149488254,16547.827199869284,0.5146805029932751,7.0,3.946228811879378,New York,Engineering,Master,
34.12605304811753,30342.16110717345,0.40089713682600786,6.0,1.3498006260110147,Boston,HR,Master,
,56389.69337560799,0.2842255949831302,7.0,1.0809975191603685,Austin,Finance,Bachelor,
,16736.118311293183,0.3175441101133822,9.0,3.877151200609121,Austin,Marketing,,
,39509.65711440056,0.1384834698703489,8.0,2.756768662730668,Austin,Engineering,Bachelor,
,12491.199109370094,,6.0,4.147186836258304,San Francisco,Marketing,Bachelor,
37.56912492956245,22446.857032986627,0.24188964316220724,9.0,4.693904151273535,Austin,HR,,
20.051134655456146,46902.46667092013,,8.0,3.39720155606549,San Francisco,Engineering,PhD,84.33432442399373
,10153.81740903573,0.2156860757163646,5.0,1.7484336916690122,Austin,HR,High School,
39.62380855674604,51656.93787805358,0.12310958018220286,9.0,4.12877614418581,New York,Finance,Bachelor,
24.393710765586405,35749.43560978501,,6.0,4.823246972697498,New York,Finance,PhD,
36.84470127134634,56499.77662199559,0.2623139249573352,8.0,3.320925148239824,Chicago,Marketing,Master,
35.698504621352,43439.79811932067,,6.0,3.727989789122934,San Francisco,Marketing,High School,
21.284356426032524,108154.10032518614,0.09595128593448145,7.0,2.349898780146692,San Francisco,Finance,High School,
,40142.04638004893,0.340353357371217,8.0,2.526110778641245,San Francisco,Sales,High School,
41.72941431641881,25757.356821682322,0.15694670027434335,5.0,3.9386179914122557,Austin,Finance,High School,
47.996614918103326,40048.15974194968,0.16200257717108482,8.0,4.711084393627276,San Francisco,Engineering,Bachelor,
47.645624624418836,56085.82709999443,0.19459935313145535,5.0,3.515953548897409,San Francisco,HR,,
,37763.112911708784,0.3889033363849212,9.0,4.159391633941389,New York,Finance,Bachelor,83.86147361019431
23.746099521018525,37514.145454920494,0.3240072686151163,11.0,1.686540069661492,San Francisco,Finance,Master,
41.18042320650392,,0.05696068686177275,8.0,1.8478363610318942,San Francisco,HR,High School,
41.1654314109465,21368.63060397358,0.5068443274386883,6.0,3.1281387473335602,Chicago,HR,Bachelor,
41.18057223567257,11824.34454895758,0.30439250526781686,11.0,1.706216768971362,New York,Engineering,Master,
81.23277788785666,147216.7683999525,0.2972452247392276,7.0,3.5399802808836944,New York,HR,Master,
,,0.1367056096153261,10.0,2.166612741578796,San Francisco,Marketing,Bachelor,
48.62678768216719,20861.81726068208,,8.0,4.166130474667568,San Francisco,Finance,,
46.448021161918426,20440.513934020877,0.25181479605739426,9.0,4.232441386457374,San Francisco,HR,Bachelor,
42.81669501566957,74305.44422358192,0.16951392607312646,7.0,2.8551498230214123,Austin,Engineering,Bachelor,125.09931457256626
31.216769064315855,28682.436832401338,0.08014649270573643,7.0,1.7232425401505411,San Francisco,HR,Master,
44.10763064591921,98537.61753272514,0.23253705235538352,12.0,3.58709984432773,San Francisco,Finance,Master,
25.72609742554914,21188.365240631043,,3.0,4.971148073054346,Chicago,Sales,Bachelor,95.99865188792357
,45396.728854883324,0.1693257626556566,6.0,3.4903635917700933,,HR,High School,
29.17563742605076,18614.988292757957,0.07477892700140167,9.0,1.1430987628560314,Chicago,Marketing,Master,
35.98248967263587,202019.45875592006,0.18524232349219433,8.0,1.0691759030683303,San Francisco,Finance,Master,
62.77590280008211,14043.588902859374,0.16796351370450527,8.0,2.2814478819692248,San Francisco,Engineering,Bachelor,
12.592817688899022,46530.187206523,,7.0,1.7831352274416195,Austin,Finance,Master,
43.23512228449416,60296.02768927852,0.1309785515470799,9.0,4.252204828573232,New York,Sales,,
15.647409545724177,50566.23186056952,0.1542500262093677,11.0,4.379222668144002,Austin,Engineering,Master,
29.336817610526797,31312.41279701998,0.08993538353011882,8.0,2.0344750852419047,Chicago,Sales,Master,
,,0.3465590425511273,7.0,2.3025791077995708,Chicago,Sales,,
35.77136022914555,37610.899872097216,0.16499025374641893,8.0,1.9449878708604587,Austin,Marketing,High School,
,,0.1454381844637113,15.0,4.633530189485056,Austin,HR,Master,
26.41635548888038,78519.57953010088,,14.0,3.010597338489129,Chicago,Marketing,,
43.15517298721611,212866.0558846124,0.529206349858932,10.0,3.6245481763280796,Austin,Marketing,,
26.23560041939436,23248.74827643996,0.37717719713879494,6.0,2.661928346798413,San Francisco,Marketing,Master,
37.5975030749837,12138.744202876382,0.49771530922633084,13.0,3.5240567740181246,San Francisco,Engineering,Master,122.54171651104467
35.54686207884576,33839.17254086132,0.42318456662924475,4.0,2.5434215068869443,New York,HR,Master,
27.180795828730197,286005.82883133565,0.21733647489695565,4.0,2.358713750916902,New York,HR,Bachelor,
,19092.680976024287,0.10549743468741864,7.0,3.537920292693921,,Engineering,High School,87.16038052909036
42.60702826781613,134765.7606865776,0.17711581607683305,10.0,3.364248312195957,New York,Marketing,Master,
10.698288960108714,138990.47036830065,0.15601042342477014,13.0,2.1741118166717985,New York,Marketing,Bachelor,
,23321.46375300179,,6.0,1.5973938012778937,Austin,Sales,High School,
27.058562422779346,57250.20277595086,0.2382117203777517,10.0,2.4743067753525505,New York,Sales,Master,
45.22920001755469,133614.93175902398,,5.0,2.660790556567637,New York,Finance,Master,
25.48975113880759,26814.493088480303,,11.0,3.5147373336984193,Chicago,Sales,PhD,
33.62316270239721,30857.518523763625,0.08105034586883748,6.0,4.658115054547455,Chicago,HR,Bachelor,
41.05984734776548,22803.179770597562,0.23325972978998843,8.0,1.1447391901317006,,Engineering,Bachelor,
45.389062330041455,16126.104177533618,0.4563029734443914,4.0,1.9746440501673796,San Francisco,Marketing,Bachelor,
20.596443115330686,21602.79457870247,0.11099512270858748,8.0,1.7748637691182414,San Francisco,Finance,PhD,
30.98598516990862,13641.171115101442,0.524107383079782,9.0,3.0091776347751344,Chicago,Sales,Bachelor,
29.300656266068525,37319.332711158146,,11.0,2.7188032281726393,San Francisco,Finance,,
27.160049209115456,19614.44208886707,0.35765966969172464,8.0,3.9161504952807538,,Engineering,Bachelor,
56.185450883373164,43784.21877206816,0.1411241998676989,8.0,1.9696636501794553,Austin,Engineering,Bachelor,
,10459.683541861392,0.25621935561558057,9.0,3.3779934629990342,San Francisco,Finance,Master,
19.86939254797946,47320.75086453897,0.5239791499617252,13.0,4.535429054399837,San Francisco,Finance,High School,
46.014343364657314,70744.01153350624,,,4.642710959673218,New York,Finance,Bachelor,
60.4658743641516,7368.809846704189,0.2639644320402215,9.0,4.835138418900124,,Marketing,Master,
47.389583126613765,48983.81693343164,0.22351415888456408,8.0,4.093044608319954,New York,HR,PhD,
,96967.89215499317,0.27642704708167387,7.0,4.6239516250356605,San Francisco,Sales,Master,
29.189191125604985,13798.11386075145,,12.0,1.938123487941097,Austin,Sales,High School,
50.20293379023947,,0.557406885681536,2.0,1.790323777401908,San Francisco,Sales,Master,
26.507966412574632,50777.83439263051,0.16218908617481992,6.0,1.0259523351221058,New York,Finance,Bachelor,
40.32583313775474,20660.73907760717,0.15480747939205203,6.0,3.8273774297163934,Austin,Finance,High School,
44.29560864115204,34730.88882624684,,6.0,4.7498687512549775,New York,Finance,Master,
23.876834341063006,56764.22302976745,0.10686653718771086,13.0,1.7477413801667057,Chicago,Marketing,Bachelor,
34.2856957272584,38592.155643512124,0.36441921405229005,6.0,3.5477743017075154,,Marketing,Bachelor,
-3.895208080828871,55882.401806771864,0.06985421523280302,6.0,3.98583903688711,New York,Marketing,High School,
22.70734830398852,17386.70522345239,0.5752524381494897,9.0,4.710456940592226,Boston,Marketing,PhD,
31.969182183282076,,0.28165155884564697,8.0,3.5874408960688866,New York,Engineering,Master,
20.026601816421806,11719.722700404096,0.37944115369394515,14.0,4.881174930995009,Boston,Marketing,PhD,
,33223.71313228009,0.045659631002925305,6.0,2.378692564050191,New York,Marketing,Master,
17.838303464472407,17621.47991904188,0.3907392159198113,,2.3997141350856306,New York,Marketing,Bachelor,
29.719466159636195,20162.42587259859,0.32590294062100394,9.0,3.1720500400573823,New York,Sales,Master,
36.5688869274331,97623.59938674599,0.3450841502829877,7.0,2.5340075244636284,New York,Sales,Master,
52.29527946879339,86946.48526449423,0.23701367390107056,8.0,1.0057029131501305,Chicago,Sales,,
17.769654185846726,59119.16884389089,0.4243518655493258,8.0,3.9270881003479494,Chicago,HR,Bachelor,
,15155.969932396772,0.12881200099088816,10.0,4.006868165913934,Austin,Engineering,Bachelor,
35.122796732235045,28194.247316407935,0.3299114686361586,6.0,3.987898418747082,New York,Finance,,
23.22189618742459,95844.09692497364,0.06675553056618239,4.0,2.3800826664418664,San Francisco,Marketing,PhD,
40.54524169115925,40675.187057624185,0.10571078303232644,10.0,3.0891578932446877,,Sales,,
37.38871634688164,232225.37707092025,0.5357995621053333,10.0,2.439894072706678,San Francisco,Engineering,PhD,
,49744.45462328601,0.15957134377575058,5.0,1.064145600122583,Chicago,Marketing,Master,
35.83762501988023,42346.42551914331,0.12287989871766321,7.0,3.249795765085675,,HR,PhD,
,28359.201620289332,0.3099564477393271,8.0,1.4950426643360442,New York,Finance,Bachelor,
,40410.00669809163,0.5006741240171694,4.0,1.3201652963657624,Austin,Marketing,Bachelor,
42.94556809425256,,0.19253338124350866,7.0,4.021996274787149,Chicago,Finance,Master,
54.03220179374422,63990.30979024914,,12.0,1.0380248096724225,,Marketing,Bachelor,
20.146214014077813,78070.05576708622,0.16580692395614124,8.0,4.836033774434904,,HR,Master,
60.5964004958752,19364.725786662795,0.44532573170634104,6.0,3.0610214564503075,,Engineering,High School,
11.574946405729978,12519.136055905758,0.28710346659034747,,4.932065722824594,San Francisco,Finance,Master,
,8358.512014304873,0.20515210248463084,8.0,1.2319902898908337,,Finance,High School,
,54523.82611447938,0.3569482999794101,9.0,3.334118195463653,New York,Engineering,Master,
38.37190241282039,15022.535435908243,0.08720531597496316,4.0,2.3973081439036448,Austin,Finance,Master,
27.527605762152874,,0.23791157291652001,9.0,4.373929971257143,Chicago,Sales,Master,
32.5025329957127,49556.21117785029,0.2125906368597829,6.0,2.444890940937145,Chicago,Engineering,,
29.083988784094004,266838.69438783685,0.338047471227676,11.0,2.0419503162293964,New York,HR,Bachelor,
27.92762291666946,36139.55572004511,0.29052756084271986,9.0,4.430212508399653,Boston,Marketing,Master,
45.1952251642523,71025.38444792507,0.3479181328972756,8.0,2.498612366613044,New York,Marketing,High School,
39.284185831580565,38772.382729046156,0.42219960770511716,8.0,1.0673332794422459,Austin,Engineering,Master,
26.685084856872148,33553.22548587413,,7.0,2.561156403357335,Boston,Sales,Bachelor,
45.79519850519901,75755.1104960417,,7.0,3.6180890760437676,Chicago,HR,Bachelor,
38.68759425051931,28789.913084355067,0.5685546252018753,,2.0174381552255274,Boston,Marketing,High School,
44.75434542606752,44977.329425257325,0.29393240112032726,7.0,2.727950369700629,Chicago,Marketing,Master,
42.555546103083344,46974.409089931534,0.23718069472344744,12.0,1.226860553128902,New York,Sales,High School,
25.05205986893513,21280.099880680384,0.4348483136027772,11.0,3.352371166055829,New York,Finance,Master,
28.277827517636364,80308.75154631936,0.24766475341982122,7.0,4.025179695441575,San Francisco,Engineering,Master,
43.967523261479144,31572.19776179852,0.5915252921662858,4.0,2.653250245604441,New York,Sales,Master,
,19838.978099005002,0.4941427378687358,14.0,2.6809305312058402,Chicago,Sales,Bachelor,
,55782.07581740687,0.19275092244199293,10.0,1.3531299943396657,New York,Sales,Master,
36.407928599705386,17698.330897995642,0.21570858057122805,11.0,1.8077634580479303,Austin,Sales,Master,
50.3319787494611,37143.53184723761,,5.0,1.6187012125116507,San Francisco,Finance,Master,
27.90114333397004,36051.53792477776,0.43203347294911104,13.0,2.926751074646152,San Francisco,HR,PhD,
41.565168574040456,,0.4727380263938699,8.0,3.1170221638030005,Boston,Sales,Bachelor,
,53090.78152910869,0.2538973946761992,5.0,4.79576052513704,New York,Sales,Master,
32.38782556127335,35595.63984245981,0.28572136176326274,7.0,1.2929260171089356,Chicago,Engineering,Bachelor,
48.185322223846285,69857.52148098647,0.23179228060444987,8.0,3.3994718926201886,Austin,Marketing,Bachelor,
44.904996187856355,110433.1941425821,0.23320414628000993,10.0,3.1059941093129653,New York,Finance,Master,121.36226577005776
44.762115632007664,56740.76807861469,,5.0,3.0649323917433167,San Francisco,Sales,Bachelor,
50.665745685851945,,,5.0,4.492637149531306,San Francisco,HR,Master,
35.25204609959311,12714.915270874655,,4.0,1.822153882781946,Austin,HR,Bachelor,
43.18343565553957,15489.367031567785,0.34270313402458813,5.0,1.1630930973654858,Chicago,HR,Bachelor,
31.276798920878527,28447.632972036223,0.47320746037150585,12.0,3.68908603053677,San Francisco,Engineering,Bachelor,
38.8899962298613,22301.076688374786,0.057826174727944005,2.0,2.3806298565439206,Austin,HR,Bachelor,
33.438283347587785,31270.266020017116,,7.0,1.0703596648500984,New York,Engineering,PhD,
,,0.5055663733930453,9.0,2.0054960291616553,Austin,Finance,Master,
42.14188430524296,55478.68675160403,0.10926771693672341,9.0,2.2373070968672475,Austin,HR,High School,
25.18135180119833,34324.03022661036,0.47637186210417104,7.0,3.467353507136968,Austin,Marketing,,
60.10864730822552,53594.477769398996,0.3351520189164386,10.0,1.6903431761970884,Austin,Sales,PhD,
,38237.78844142241,0.31131126560378347,8.0,2.652217391813592,San Francisco,Finance,,
20.429736646547212,7477.297784311039,0.3156514521042244,10.0,2.92990177767133,Boston,Marketing,,
48.89733048200081,17129.05947964813,0.13425930596426694,10.0,2.8369495654563637,San Francisco,Finance,,
44.49995232755523,32361.669309393732,0.04261251654027319,3.0,4.8957630666671275,Chicago,HR,Master,
42.489437804625865,13797.52083994542,0.44024925150934274,4.0,1.1820169511611844,New York,Finance,Master,
,58685.2081832201,0.1195934956640864,7.0,4.803872745809597,Boston,Finance,Master,
34.853038725837024,123574.64505601223,0.2000779313230958,7.0,3.3277488559761332,Chicago,Finance,,
,96279.38279526845,,8.0,4.182910859879353,Austin,Engineering,Bachelor,
35.909654698324715,30615.010389011568,0.2817555447671211,4.0,2.7215704720643017,New York,Marketing,Master,
,119680.49263640582,0.34926511547555156,9.0,2.8153515250279217,Austin,HR,PhD,
,40901.98875893962,,13.0,4.517305996063294,Austin,Sales,,
33.23531142197434,,0.5023166737897835,8.0,4.583737985167609,Chicago,HR,Master,100.49154284546287
,22231.775407799236,,,1.9547555257251905,New York,HR,Master,
31.14336990016408,28510.401107239788,0.4354437700393007,10.0,1.7969675143384727,San Francisco,Engineering,PhD,
39.95517745130749,26621.076886442504,0.0920630148030118,5.0,2.9849406954798043,New York,Engineering,Master,
28.2353053663523,41619.87006059688,0.6257518883853295,6.0,4.601108108510767,San Francisco,Finance,,74.01941033895747
25.133355253202822,41293.45058265195,0.37700811694720254,5.0,2.289420373624705,New York,HR,Master,
37.924246537902945,36404.104786352174,0.1271719790497805,10.0,3.608058461356525,San Francisco,Marketing,Master,78.60078284289835
37.93959885330467,51510.99380424784,0.27435287356315835,7.0,3.8326067509624044,New York,Engineering,Master,
28.916681895546443,94137.99529817802,0.38256661568693123,,4.114698659576623,New York,Engineering,Master,
29.347540332580127,77624.8827178174,0.17843961982715925,11.0,3.255697831683853,,Marketing,Master,
37.784599248291634,11070.969769354017,0.2162905367743838,7.0,2.6098207131158784,Boston,Engineering,PhD,
,4707.268545198291,,8.0,4.8680639551958915,San Francisco,Marketing,Master,
18.11043470748134,76684.58037366107,0.279074004926693,9.0,3.4453230132114108,San Francisco,Sales,,
26.378669344970767,,0.48498879957497276,9.0,3.9142608465330833,San Francisco,Marketing,Bachelor,
32.438634179457836,30338.95103033209,0.3481128642195799,5.0,2.3799313827835133,Chicago,Sales,Bachelor,
38.73089078717606,14241.415443558662,0.37769730827879666,10.0,3.6797967240123204,Boston,Finance,High School,
52.70427460339462,,0.45526763848906865,8.0,2.0311906486565037,New York,Finance,Master,
45.29191547842423,56003.540031293065,0.564636774420852,11.0,1.9803876701145446,New York,Engineering,,
33.080737640438876,66657.58537725004,0.13525495524082076,8.0,3.8588888072377054,,Marketing,,
34.771805505167734,22897.698433834405,0.41890629703440113,5.0,3.0855789450517404,San Francisco,Engineering,Bachelor,
22.969647624346294,4569.532432469509,0.6277239733678208,9.0,3.733106441689559,,Marketing,PhD,
34.77784236809132,23458.881434877512,0.42330626189328024,9.0,2.0777539629923667,New York,Engineering,PhD,
31.536096332958344,49684.24721120478,0.3242865327317485,9.0,3.3948933642269217,New York,Finance,PhD,
38.872622724057074,11124.117132185667,0.5237323534287259,5.0,2.77573459881245,Boston,Finance,Bachelor,
,42053.08113413141,0.6843643932117193,10.0,3.3878411473821117,New York,Engineering,Master,69.75393539552931
41.23215817089407,35873.42754710102,0.35926527588984386,10.0,2.1635189289768775,Boston,Marketing,Bachelor,
53.39286695603093,57724.282220535795,0.3939614324212918,9.0,3.8618038545964954,Boston,HR,Master,
33.69487821851771,39961.20129433112,0.3799956547644613,8.0,4.223717464637862,Chicago,Marketing,Master,
39.820540665187295,16672.982055431577,0.08417433653931046,8.0,2.0396658954308946,New York,Engineering,Bachelor,
43.28172790053335,94585.2857636443,0.43722711473977127,10.0,2.2024822394225683,,Marketing,Master,
30.185354337369965,31989.92669931314,0.09410779357588527,10.0,3.644617078876372,San Francisco,Sales,Master,
37.689109781725,35530.84133822532,,3.0,3.7823406972141767,San Francisco,Marketing,PhD,
35.15110880938154,17212.405154300584,0.0776550664575109,14.0,3.8163987375898003,,Finance,Master,133.80806886028836
36.17211318258598,25472.996239658663,0.12821245493162955,11.0,3.7307940191033473,San Francisco,Finance,Bachelor,
25.723882593734402,17892.874300087788,,8.0,2.571230867810155,Boston,Sales,Bachelor,
35.29412209110731,31623.100217808616,0.18980885239554654,8.0,2.5794146976147134,San Francisco,Marketing,,
40.97597949494539,,0.449549690409468,8.0,2.0192704945775257,Chicago,HR,Master,
52.4137232935405,12118.386038974299,0.23408313613509105,9.0,1.627334799585452,Austin,Marketing,Master,118.03176898444441
46.51124991302248,9988.112168855685,,12.0,3.7703095175876227,New York,Finance,Bachelor,
60.838189490138674,117822.70363704118,,13.0,1.3727551438892514,New York,Finance,Bachelor,
25.791829245343408,30716.064129794013,,11.0,4.7511691471471265,New York,Engineering,PhD,
45.46784764064814,21263.383950847354,0.30725814341699853,7.0,4.306745214685805,New York,Finance,PhD,
37.20010406886022,83443.39275958447,,7.0,4.430022959829024,San Francisco,Engineering,Bachelor,
,22370.704973166197,0.44932302965782933,5.0,4.626675258460761,San Francisco,Finance,Master,
25.300420575738183,156499.449414438,0.4992607592612914,6.0,2.6344198828929604,San Francisco,Finance,Bachelor,
24.923337893830688,62463.689385955215,,3.0,4.386802893401605,Boston,HR,,
27.807288254671732,24579.569616900608,0.25879512048478875,9.0,1.6322452011665973,,Engineering,Master,
9.513251308282317,,0.21720650202910807,13.0,1.0865671784329427,San Francisco,Engineering,PhD,
28.690939739830867,22368.92642488346,0.6337271424536701,7.0,4.1395655786554,New York,Finance,Master,
25.890408061355625,,,7.0,1.2991865919877572,San Francisco,Engineering,PhD,
,46139.932294095954,0.35324383153672917,11.0,4.954098669303686,San Francisco,Finance,High School,
,102887.66402730736,0.19600880118123296,6.0,3.699185718406224,Boston,Finance,Bachelor,
57.514050070590635,126653.33118598598,,9.0,4.0137988409684215,San Francisco,Marketing,High School,
46.405086058232605,37257.30527156466,0.12016596269169015,13.0,1.9832154251114638,New York,Engineering,PhD,
28.07715613205116,19875.949336157322,0.2881738348704263,11.0,3.6954615756787526,,Sales,Bachelor,
24.219023943819703,52468.99561158618,0.19451076843381124,11.0,1.1728797490198288,New York,Engineering,PhD,
40.903030058078066,21116.87376130578,,8.0,4.351302879694403,,Engineering,Master,
19.157201515752295,181808.6061240671,0.4924424140581507,12.0,1.6784963721262898,Chicago,HR,,
,40506.926568993666,0.08506599782258312,12.0,3.789432267335082,New York,Sales,Bachelor,
49.15328144865544,,0.17078468035505964,15.0,1.8979220049309133,San Francisco,Sales,Master,
29.36989217474354,42097.525646118964,,4.0,1.273812677704171,,HR,,
14.442385650909465,12360.967051655267,0.3146017534698956,6.0,2.925974714197577,San Francisco,HR,PhD,
51.24646848998496,16692.39940227509,,5.0,1.6771448410911578,New York,Engineering,High School,
33.62552185696858,94876.48116757747,,8.0,3.917775953306199,Boston,Marketing,Master,
49.853795743681545,21471.560624064747,0.521586297139582,10.0,1.9502633735339394,San Francisco,HR,Master,
15.866868094467595,,0.11091117446247269,7.0,2.3698902249433154,Austin,Sales,,
27.807499724554724,55788.45358859048,0.22652284530795472,7.0,3.2697570050578917,,Sales,Bachelor,
35.0629243966182,93766.53707377394,0.08232379528839835,3.0,2.1398731103092463,San Francisco,Engineering,Master,
,64547.88616781826,0.020337621111797904,10.0,2.5119524648398466,San Francisco,Marketing,Master,
29.599214342249077,80566.49510989641,0.5150992247062112,9.0,4.262487084161547,San Francisco,Finance,Bachelor,
42.47419918816998,19822.321479326787,0.1524295832997067,8.0,1.7168393982441028,New York,HR,Bachelor,
,11644.060103467462,0.4015616903423039,9.0,1.3288063579277347,San Francisco,HR,Master,
,120700.42419833262,0.1934741652155991,7.0,2.313431140532077,Austin,Engineering,Master,
36.443547580542784,28053.147890833032,0.5676055160091945,7.0,2.6975070680555127,Chicago,Marketing,PhD,
41.173266008704985,,0.207457529958512,10.0,3.1706371285462707,New York,Sales,,
43.539378537066675,105088.20388218325,0.24303279275432918,6.0,2.489694784700028,Chicago,Sales,Bachelor,
21.50429489794557,56669.07959355791,0.16867962259904035,6.0,4.15964680089122,Austin,Finance,Master,
16.59062995117253,52297.83313101137,0.11978721348434991,8.0,1.157277950673893,Chicago,Sales,Master,
50.33212186278211,,,11.0,2.727070152794232,New York,HR,Master,
38.9877681437551,21702.558063595578,,,2.5290236586256185,Austin,Finance,Master,
26.018161561321357,76288.08936992029,0.025530459181464824,11.0,3.590313963227436,San Francisco,Marketing,Master,
53.613823706270274,38010.22570155564,,8.0,4.865105007589584,San Francisco,Finance,Master,
36.3880956115143,45020.52712560329,0.24667491342653283,10.0,3.0415016265154486,San Francisco,Marketing,Bachelor,81.51285736283042
,123349.21292744184,0.12659141193795395,6.0,4.947507387766882,Austin,Sales,Bachelor,
35.81022177692131,,0.07690526282307505,8.0,2.20899757965279,Boston,Engineering,Bachelor,
59.728975098583845,55861.84473660641,0.13178659947560378,7.0,1.123472530169844,Boston,Finance,Bachelor,
,85648.4040209558,0.34235225040309447,7.0,1.662652669905651,New York,Finance,Bachelor,
32.01243021825112,27120.300336987108,0.44228704443852895,,2.5804995390982692,,HR,Bachelor,
46.65885141145227,18557.55506272828,0.22902080143355766,11.0,2.265335636754209,New York,HR,High School,
42.74451139502177,15743.024303566935,0.8133424050014514,7.0,1.3882165239335107,New York,Marketing,Bachelor,
51.42357869038818,7531.991253260356,,6.0,2.7306404307628673,San Francisco,Engineering,Bachelor,
23.420918473038746,188144.52640677578,,11.0,2.352463086638251,,HR,,
43.232617519981275,15024.437294526431,0.10952628416623476,2.0,1.4904768818297538,Chicago,HR,Master,
47.70109384219505,30424.305809081427,0.25085125200039493,7.0,2.1844685224476357,San Francisco,Sales,,
13.89512616292263,29101.626937120145,0.46152626905013167,9.0,4.545744221421562,Boston,Sales,Master,
20.8008978480107,46440.41435975097,0.6224521206393593,8.0,2.2081954619573607,New York,HR,Master,
10.529213866878793,69744.21589660093,0.3984798933684013,12.0,3.8558216929682065,New York,Marketing,Bachelor,
31.76711798666531,72285.49681255493,0.058734322284688674,6.0,3.4481883186310225,Boston,Engineering,Bachelor,
43.610507069551545,22777.71783495748,0.09968586243360074,13.0,2.708724649633487,New York,HR,PhD,118.61377267824075
53.02828462515234,31770.791137091506,0.05874538677015844,11.0,1.9561025472146767,Chicago,Marketing,,
35.8891373650373,45527.142265462295,0.14049481279644285,12.0,2.4760587973837818,Chicago,Marketing,,
,29763.7681552968,0.1813561796987826,4.0,3.368428853884171,San Francisco,HR,Master,
18.438782501421304,,,14.0,2.40301285899742,Chicago,Marketing,Bachelor,
14.559410727738143,53786.6170404548,0.3803905055871858,4.0,1.8595857342969273,New York,Finance,Master,
34.33342761324057,65375.45942263744,0.11550874706878701,12.0,1.4658509955665284,,Marketing,PhD,
39.60878538727169,61716.402350813,0.3442408863859198,5.0,4.519067751638261,New York,HR,High School,
34.60766302287088,,0.4240345061051238,6.0,2.7612519030076226,San Francisco,Marketing,PhD,
10.19069479952148,41974.486439739674,0.22282399733200586,12.0,3.5008332869717202,New York,HR,Bachelor,
33.93055952584654,12868.457507693678,,9.0,2.961641444547221,San Francisco,Sales,High School,
19.34636599394176,49998.60386908366,0.3672419812866422,10.0,4.490266073431854,Chicago,HR,Bachelor,83.32581688082732
43.03607058596046,21566.888656650415,,,3.1877394097928433,Boston,Marketing,Bachelor,63.917545605767856
39.39917895316218,23792.04724858587,0.25806347299908466,8.0,2.9231256717964533,Chicago,HR,Master,
23.721442564071737,58051.81280662491,0.18946469672779903,11.0,4.69840396168685,San Francisco,Engineering,Master,
28.833596991959677,97794.7777293602,0.41553989542792674,7.0,3.878758384181418,Boston,HR,Bachelor,
,36938.78128216404,0.3736665773648109,10.0,1.4461996293874293,San Francisco,HR,Master,118.23599892821491
34.24785083272194,46493.43552382531,,7.0,1.7108178447872562,Chicago,Engineering,PhD,
46.46170784601486,141743.1584763612,0.08399329541065491,16.0,4.148491451757767,Chicago,Engineering,Bachelor,
,44028.94526698487,0.17040026056912042,7.0,4.343405284719817,San Francisco,Engineering,Master,
41.04855818621413,291077.9824975408,0.1477675605532415,12.0,3.180763316361186,Austin,Finance,Bachelor,
28.63690857953071,57091.33977797481,0.039946971742571044,5.0,3.217820911466557,New York,HR,Master,
25.48552601285187,8878.51677928397,,7.0,3.527731851405778,Chicago,Engineering,Bachelor,
33.715635680545304,66348.2919821139,0.10515294927659564,11.0,2.756463097130558,Chicago,Engineering,Master,104.74726010942611
22.57709213096751,49262.90821061728,0.2278664790943891,8.0,3.720796493935616,Boston,Sales,,
28.356208335833816,101905.60302928058,0.40368453719585895,11.0,1.4339250302656628,Austin,Finance,PhD,
20.625465288933817,62227.05058275835,0.18541250912330284,6.0,4.8451169694695455,San Francisco,HR,High School,
58.57670159499667,32507.795880954633,0.23563203212078124,9.0,4.000619295179687,Chicago,Marketing,High School,
35.423162623660744,13637.265175552437,0.23568719520267642,7.0,3.5246968160360277,San Francisco,Finance,,
26.603293904088975,30723.44718965767,0.2556894500410284,5.0,2.2652882280379227,San Francisco,Finance,,
37.56775892881066,18390.392061217975,0.27731658935159587,8.0,1.6438219498269167,Boston,Sales,Master,
33.652063403710045,22824.304639961174,0.4929038584246123,4.0,2.6373718553157786,Boston,HR,,
32.34836480560133,58154.74323247939,0.22461636012846697,4.0,3.646306962296234,Austin,HR,High School,
42.3700004005211,,0.4978941595164927,4.0,3.5348389736924437,New York,Engineering,PhD,
44.09009252056766,49798.35467729308,0.2708167713466874,,2.530564620262286,Austin,Engineering,Master,
28.63398622867367,13950.819769642541,0.2447966527292512,6.0,3.453145575332519,Boston,Finance,Bachelor,
28.09018111226384,51827.808849743524,0.7069398340941843,9.0,4.254993182270191,,Sales,PhD,125.34009997244127
31.69937963418027,94589.82482982137,0.4405181037535751,8.0,1.1051390893504283,San Francisco,HR,Bachelor,136.81130236212232
7.376946023172982,22296.247651580277,0.04283204593560013,4.0,2.8024841917211027,Austin,Sales,Bachelor,
16.817707253617375,,0.3382887652701045,10.0,4.0342209138671645,,Marketing,PhD,
51.40249120933429,36744.74700494606,0.1093125928188253,13.0,3.184577881853509,Boston,HR,Master,
54.7396125620154,19381.63698318572,0.27907797568739046,7.0,3.60590435171628,San Francisco,Engineering,Bachelor,
32.01156752532346,60999.707439799575,0.12319567633573482,6.0,3.066705570421368,Chicago,Finance,Bachelor,
41.918683556669194,32966.31234847736,0.31085490028701984,11.0,4.967498178729244,Austin,Sales,Bachelor,
38.73500185452243,50798.69555194782,,,1.218486145956153,San Francisco,Engineering,Master,
,,0.3520188680892029,8.0,2.964179287089509,Austin,Finance,Bachelor,
48.434898937214925,25591.955933478144,0.21162448830095731,6.0,1.3656661964580707,San Francisco,Engineering,PhD,
33.4649889022308,,0.19060156650468274,13.0,1.6391422484542817,San Francisco,HR,Bachelor,
23.53351471279489,26949.8626089657,0.5287406174504465,7.0,2.5321534016730474,New York,Sales,Master,86.83988297955727
15.72264415690913,144577.51533199186,0.3441654266410305,5.0,1.6221603660019492,San Francisco,Marketing,Bachelor,
37.44156363040668,,0.509483025220101,8.0,4.854748663826604,Chicago,Engineering,Bachelor,
25.92379105658836,43466.58585329473,,5.0,4.787159106900637,Boston,Sales,Master,
17.93295548482791,76578.5787241663,0.2486223552396022,12.0,2.344438584882415,New York,HR,Master,
27.24112538908968,11676.194776915254,0.32585022418213927,11.0,3.558990848150718,San Francisco,Engineering,Bachelor,
,8878.189680686233,0.6161490898475421,11.0,3.1350132823751444,New York,HR,,
55.24569962087078,10715.804088443587,0.2637367830498125,8.0,4.262347922063075,Chicago,Marketing,PhD,
45.579677083393406,99714.5898485609,0.18218694455348772,5.0,3.509782439267769,Boston,Marketing,Bachelor,
,23353.764794885432,0.17189297051292404,9.0,1.0010098179622484,Chicago,Finance,Bachelor,
,281126.33233127504,0.39670589681207996,12.0,4.052697542438955,Chicago,Finance,Master,
35.92841969177142,23123.435847687597,,14.0,3.9873924851844724,Chicago,Finance,Master,
,42093.18131579964,0.22863765281597825,,3.038890822265924,New York,HR,,
,124702.72227886987,0.46349070456281477,6.0,4.611675892932215,Chicago,Finance,Bachelor,
41.4669205242159,180750.75382058337,0.10118673151915425,11.0,4.633784822761607,,Sales,Master,
22.553046148082522,188943.4156855479,0.2799184058289093,9.0,3.095646706817589,Chicago,HR,High School,82.76933663634148
32.7159358629967,95481.99593685799,0.4914679824608622,10.0,3.4319529247861507,Austin,HR,,
24.492580959382913,82392.52705041802,0.31599410767455666,5.0,4.986088287698689,Austin,Finance,,
18.406403228427966,58338.73496561056,0.2817194221228608,4.0,2.19528093924567,Austin,Finance,Master,
46.1141305703797,67689.66990582606,0.3774191190742991,5.0,2.2984689692459095,Boston,HR,Bachelor,
57.912999685641566,23366.33118408847,,8.0,1.7310956106539854,Boston,Marketing,Bachelor,
18.217189114170306,18872.11836885108,,12.0,4.583467756631472,Chicago,Marketing,Master,
41.75563084028685,36217.59878899534,0.05079942872190077,6.0,3.977953559797065,New York,Finance,High School,
27.192289170538075,31693.037609735456,,16.0,1.4225713954809676,San Francisco,Marketing,PhD,
29.154495394823645,25271.121006004432,0.09094489894008022,5.0,4.927069404791863,Austin,Sales,Bachelor,
27.89127290913357,63393.07820991535,0.40660733444171865,7.0,3.923846832644464,New York,Sales,PhD,
24.632110763842206,77982.846658817,0.049133172918232736,10.0,4.402088438419899,New York,Sales,Bachelor,
35.582259535337926,38976.94159217475,0.13406080555620095,7.0,1.1926031566928037,New York,HR,Bachelor,
,118423.68987766054,0.3113574232014944,10.0,3.0198436757686706,,HR,High School,
38.24548190935806,14568.962791392609,0.23475450753864355,6.0,3.794393146908157,San Francisco,HR,,
34.39714268661036,31103.400486008468,,8.0,3.1717863382873652,San Francisco,HR,Bachelor,
,,0.6816552682617121,10.0,3.66658986279711,New York,HR,Bachelor,
24.109236055500826,8158.133681868988,0.4125868136483029,5.0,4.271496254361891,Chicago,Finance,Bachelor,
28.07874403318001,33991.14917495262,0.053121042959720054,6.0,2.497348251840785,San Francisco,Marketing,Master,
44.06469470990907,32945.23753250926,0.49061904250908245,10.0,4.394674702474839,New York,Finance,PhD,
41.01100625149257,121876.04645901971,,3.0,1.651664419061163,,Marketing,Bachelor,
23.26933706241739,60153.16555169078,0.36081494259459335,,2.083544220105499,Chicago,Finance,Master,
36.19198766515071,16004.90538084311,0.18806662822322226,5.0,1.173382479709303,San Francisco,Sales,Bachelor,
44.01664548046147,160055.20293704543,,14.0,2.4577072453410045,Chicago,Engineering,,
14.967136626543539,96454.5272846842,,8.0,2.5196381792964813,New York,HR,PhD,
41.52032230855922,57854.01667379263,0.4365609916533659,7.0,4.221082388829004,Austin,Engineering,,
27.04851489264984,30297.264924957257,,7.0,3.612522681158624,New York,Engineering,Bachelor,
41.84718402311791,,0.17512991611967793,11.0,2.7468902326226665,New York,Sales,Bachelor,
25.8408901214898,26963.370591273353,0.10939522362794184,8.0,3.608455914494993,Austin,Engineering,Bachelor,
13.341414792025772,86768.49689421048,,,1.2111334020627647,Chicago,Engineering,Master,
15.469490745402048,164007.76360613666,0.19977115884535762,14.0,1.7210861440735044,New York,Sales,Bachelor,
35.577019359936585,124815.86155287859,0.32373719499724907,9.0,3.50779142096702,,Marketing,Master,
38.116670020657786,24561.131758486867,0.15229284112134703,5.0,3.565467276901209,Austin,Finance,Bachelor,143.86555006121222
,14828.496584662682,0.27150653100697675,11.0,4.096538634829709,Austin,Engineering,Bachelor,
42.663109505328485,,0.4850993016333455,7.0,2.6119990362144088,San Francisco,HR,PhD,
15.061759252772482,8824.158362363962,0.35969416552293865,6.0,3.890216386464625,Chicago,Sales,Bachelor,
34.2070424162322,47029.68002819115,,9.0,3.7359213302407577,New York,Engineering,PhD,
20.46780560285052,32270.795333479702,0.015531497830961463,,4.853573513479397,San Francisco,Marketing,,
27.17796670637409,25013.496007910773,,7.0,1.8605209056987166,New York,Marketing,PhD,
35.56878405579697,10139.941888246201,0.18606212320601692,5.0,3.206718255010558,San Francisco,HR,Bachelor,
24.67503961659257,54769.0255122397,0.11690970530073953,6.0,3.4070577684418772,New York,Engineering,Master,
30.385333469242095,23714.437723038525,0.28672806899006137,7.0,4.9945915397368825,San Francisco,HR,Bachelor,
47.07551371057329,14243.650841593217,0.4524646695830735,13.0,1.8047365686666068,San Francisco,Marketing,High School,
28.077297565722215,3648.9335630364258,0.17178147128900662,7.0,3.092872079869169,San Francisco,Marketing,Master,
45.0283053447817,35524.862269635574,0.4198229253993504,8.0,2.3847412308545555,,Finance,Bachelor,
21.443517744108583,149911.63167870554,0.23346542109232404,2.0,3.1035718743159992,San Francisco,Marketing,Bachelor,
41.357650134983395,137174.26058911567,0.3430824449809528,8.0,1.9285144084124237,Austin,Sales,PhD,
52.298823447894804,25193.038736701907,,4.0,1.1904495137099524,San Francisco,Finance,,
5.340265998472528,,,10.0,3.2902618155907555,Chicago,HR,PhD,
25.437256934354277,,0.35244812387156554,11.0,2.3434172634433286,San Francisco,Marketing,PhD,
41.92486552616648,16338.697430966928,0.6577252418827445,7.0,1.7277656069937346,San Francisco,Sales,PhD,
32.56345536748409,46232.27932802097,0.5379363637806488,11.0,2.295742264312135,Chicago,Finance,Master,
39.4537504804557,67027.89953764678,0.12275555219550162,10.0,1.1971208057909797,Boston,Sales,Bachelor,
,96910.83220645764,0.3162967511292953,11.0,4.801768936360413,New York,Finance,Bachelor,
36.0390774496748,33519.302262317025,0.7182985797189214,12.0,3.324591659893042,New York,Finance,Master,
33.13187317529505,,,7.0,4.2590747253881,Chicago,Finance,,
49.01338473991769,17990.766455993406,0.47984139810788023,7.0,2.6924727901909216,Boston,HR,Master,
38.05305011961456,,0.3009635475833738,8.0,4.613258670264743,Boston,Finance,Bachelor,
,30297.39113025393,0.21998463055148423,10.0,2.9332728862090134,San Francisco,Finance,Master,
,48722.31440449986,0.47774106931540994,11.0,3.2957812888026776,San Francisco,Sales,Bachelor,
29.14872531113008,75423.01159386843,0.4771332841901341,10.0,2.9671759202506274,,Finance,Master,
29.80930174616455,19100.252607211558,,9.0,3.9331131834706063,Chicago,HR,Master,
39.73342570853956,119868.5320769491,0.5303993887030928,3.0,3.2666243104082495,Chicago,Sales,Bachelor,
29.948186230156843,29234.39246080254,,7.0,2.086395694321591,Austin,Finance,PhD,
38.477298282756955,35700.0070241014,0.2142283776069361,3.0,1.5821581252905852,Chicago,Sales,Master,139.33981764741333
59.90480958374526,19974.877874167472,0.29078800334020394,10.0,3.424497555531911,San Francisco,HR,,
45.453496441180306,,0.21064687555536693,,2.956719846188145,San Francisco,Sales,Bachelor,
31.087717613985905,73661.55623787284,,6.0,1.3839027867844518,Chicago,HR,Bachelor,
49.41456706596734,65478.368663969086,0.18351478160566112,11.0,2.5824698631730736,San Francisco,Marketing,Bachelor,
30.103095523741384,,0.26322314115715506,7.0,3.0591056880018144,San Francisco,Finance,Bachelor,
10.542505577865754,38314.840241166276,,12.0,4.30757293530236,New York,HR,Bachelor,
22.902964268991152,54871.61013495378,,4.0,1.3044042233334494,New York,Finance,Bachelor,
12.550496947689732,10404.184026770328,0.6236265478175447,8.0,2.3939813929840117,San Francisco,HR,,
30.781838191504296,23783.750113409318,0.2746747326009883,,4.290624490841541,Austin,Engineering,High School,
35.22102055027462,68556.37947119304,0.2311756205169041,4.0,3.593695727086315,New York,Engineering,High School,
55.117247747303395,13313.960980769978,0.7501009462025127,11.0,2.159833287215147,San Francisco,Engineering,High School,
38.923128485169954,45928.74008451128,0.48770314027533535,7.0,4.3813404880905695,San Francisco,HR,Master,
32.37079365429363,12267.816362506033,0.38579893959303424,8.0,2.9731743222507694,New York,Finance,Master,
44.95286697420187,52740.7661088898,0.06754745429414084,11.0,2.993407565241842,Boston,Engineering,Bachelor,
,,,3.0,4.906349356801537,Austin,Finance,Bachelor,113.99272553903462
37.827374697302794,9975.57163891621,0.4220781732681007,10.0,4.788466012945514,New York,HR,PhD,81.72113295383984
44.2503823266436,92207.0142915403,0.1076063974617847,11.0,2.4341307334793756,Chicago,Finance,PhD,
17.256965050641902,20177.56733975497,0.37370102227142177,3.0,1.5623165146523292,San Francisco,Finance,PhD,
48.72504851848315,18992.473543677104,0.13742430887514978,10.0,2.3026669291123762,Boston,Engineering,PhD,
39.06195688993297,42636.04741022342,0.5327875402080797,9.0,1.1219330412455522,San Francisco,Sales,Bachelor,
,91026.85752055499,0.5502437465751491,8.0,1.0830715468415648,New York,Marketing,Master,
42.59338239327542,16112.369450122922,0.45279732056725525,9.0,2.5820885450056767,Chicago,HR,,
62.248314293652754,38152.39754210805,0.18582648585372022,7.0,4.764079290788937,Austin,HR,High School,
37.18239506070194,51177.39452070606,0.43911412045465,6.0,4.485429364928831,New York,HR,High School,
37.978647035604034,,0.08755286918647076,10.0,3.045771335670492,Chicago,Marketing,Master,
,41820.97321454538,,12.0,3.2609055246833227,New York,Sales,Bachelor,
24.801867566422498,27075.315611436392,0.22692574261383391,8.0,1.023733986984226,Boston,Finance,Bachelor,
44.964029798530945,,0.22079468487527212,9.0,1.862004623335062,New York,HR,Bachelor,
24.726994089093594,,0.0932182061227306,11.0,1.099096507737535,Boston,Finance,PhD,
35.85879484663271,15402.55664314891,0.29187932762260266,9.0,4.018158130781551,San Francisco,Engineering,Bachelor,
29.268110638818598,3508.4148796018285,0.12935005514766454,6.0,1.582583184105991,San Francisco,Engineering,Bachelor,
,51495.40417380326,,8.0,4.476188409907268,Boston,Engineering,Bachelor,
39.003945263443384,74843.00058142284,,6.0,3.573297254703153,Boston,HR,High School,
47.45047933109479,5484.351046924929,,9.0,1.9176747060628534,Chicago,Marketing,Master,
,,0.19685360478657662,7.0,1.630881268332999,New York,HR,Master,
31.761500776479544,59594.78855060166,0.1316670998839262,7.0,3.5104988036922125,San Francisco,Engineering,Bachelor,
23.254835410612312,188338.5416335234,0.34576405728229137,6.0,4.603347921129294,San Francisco,Engineering,Bachelor,95.27170739442731
29.668480879086665,36924.66246054482,,9.0,3.8734408756575265,,HR,Bachelor,
39.52760591653822,20284.202234552726,0.16974687545557585,13.0,2.3941866064135104,Chicago,Marketing,PhD,
44.083863399744224,,0.20723311870103758,5.0,3.3495343810745886,,Marketing,PhD,
23.934016109868494,109087.01389049069,0.29790504425066516,2.0,2.2430467814896855,Chicago,Finance,Master,
45.435271041267924,21660.132909316908,0.12899233875418872,5.0,4.996598267114635,Chicago,Sales,Bachelor,
51.26765430565941,19161.271177015242,,6.0,3.9953567538474046,New York,Engineering,PhD,
,24681.39950019946,0.11183973069886616,9.0,3.4575265590270146,Chicago,Marketing,Master,
57.52154975069679,16938.376297288625,0.14440003664758458,11.0,2.693036571063317,Chicago,Engineering,Bachelor,
25.714529610757126,40060.105901795614,,9.0,3.4726091610382293,Chicago,Sales,Bachelor,
20.064143560262995,133218.08042133538,0.13863910240454774,5.0,2.366464249869339,New York,Engineering,Master,119.71607820688605
13.655357013148656,47026.35266177103,0.0468492653975621,10.0,1.115459357832123,Chicago,Marketing,Master,
52.952531737870196,29676.690894688305,0.20079260746707878,,2.5803540894265313,New York,Finance,High School,
42.85238787624869,28754.541094557157,0.17154965153338303,14.0,4.721923278319467,San Francisco,HR,PhD,
,10398.817253556772,0.05177184339479075,,3.5052043790954635,Austin,HR,Bachelor,
38.359623515837846,73606.44153312367,0.27036668637481137,8.0,1.3358228122836064,Chicago,Marketing,Master,
,34123.11327758174,0.5279243840181365,6.0,4.539974453580104,New York,Marketing,,
64.34902375540192,31433.078384071894,0.6678969467219104,13.0,2.0754993973660594,Chicago,Sales,Master,
36.55065418370273,,0.06144969359913295,8.0,1.9750779723309098,Boston,Engineering,Master,
36.31273753525871,46120.0162485195,0.3090567782564249,6.0,2.1883638751212833,New York,Sales,Master,
43.70919948678431,19901.833853797027,0.3527065663574891,7.0,3.30880894450383,Austin,HR,PhD,
,25820.239059060597,0.4035932605761924,5.0,3.1787523737359065,Chicago,Engineering,Master,
37.68660829134958,91012.9030638045,0.21443261539524658,11.0,2.965655018491527,Austin,Sales,PhD,
25.514306534656257,39759.98678615192,0.34084369794317704,11.0,3.870147454050508,,HR,Bachelor,
40.65762028563195,11491.669003528512,0.41236108761951057,9.0,2.266150925339836,New York,Engineering,,132.61237960232725
57.5842939577004,,0.572435954343304,5.0,4.1282580862897245,Boston,Finance,Master,81.7785782744084
51.14504055385973,21279.186866585205,0.2929788735913856,11.0,1.7012867135143965,San Francisco,Finance,High School,
54.11823951967277,162533.30619886584,0.03928016313148427,6.0,4.130483156308037,New York,Sales,Bachelor,
28.865411882825775,86166.64670264577,0.22325775316575855,10.0,3.6552404210011313,Chicago,Marketing,Bachelor,
23.124742156897028,25390.807637623733,0.3399068359357703,4.0,3.732833238190346,New York,Engineering,,
33.49055695880422,,0.18368118718776022,7.0,2.92621358850904,,Sales,Master,
35.668698947464335,38341.356946478765,0.38856627696555307,11.0,3.668006130723459,Chicago,Marketing,PhD,
48.13029822165138,71841.59753258477,0.08462733526759525,10.0,1.3191881862378296,Austin,Marketing,Master,
14.690424443422167,53518.691935456576,0.6434052833138456,7.0,4.406204468197469,Austin,Engineering,High School,
53.354603833527364,18451.753322942463,0.1797050604970441,10.0,1.222188933950584,New York,Engineering,PhD,
33.10390521705213,21702.009396227495,0.09904549474311224,8.0,1.59496603948599,San Francisco,Marketing,Bachelor,
29.87742716063096,82782.22588166085,0.1320147770620504,3.0,3.3071588339889453,Austin,HR,Master,
22.854747496877987,27783.003680591755,0.4865241768823065,7.0,3.957645821826766,San Francisco,Sales,Master,
15.141719937610763,26293.61017198601,0.14214708714319613,6.0,1.3050062573850139,Boston,Engineering,High School,
44.878047007542975,16914.08416729004,0.3203225821877145,8.0,4.68305925648928,Chicago,Marketing,Bachelor,
35.87981560626085,50964.2279305526,,9.0,4.894430595202794,New York,HR,Bachelor,
,189097.8595415548,,10.0,3.423800692030844,,Finance,Bachelor,
19.459054735236606,15459.417887156293,0.5111639862554722,12.0,2.924973821507346,New York,Marketing,Master,
,37025.99695605878,0.40875435210312244,10.0,3.965579889118999,New York,HR,Bachelor,
,112395.19251771897,,7.0,2.3134294093088217,Chicago,Finance,Master,
31.884903783636744,34073.89702505002,0.4384009709406226,7.0,2.973057736420426,Austin,HR,PhD,
16.962284562582724,52150.93748659723,,13.0,4.664604107257605,San Francisco,Engineering,,
32.05108323096867,15523.11026733996,0.03593019546574922,8.0,4.822621700966135,New York,Marketing,Master,
31.72731716302796,,0.25996915860043185,13.0,4.70827646420474,San Francisco,Finance,High School,
2.63736028470114,31265.939464676958,0.2884957018176471,5.0,2.0497922678553606,,HR,Master,
,,,7.0,1.9298761608670536,San Francisco,Finance,Bachelor,
32.22878563749587,93892.78650869445,0.18510293303371547,9.0,2.190658023717257,New York,Sales,Bachelor,
43.35447637776102,,0.07187748488844417,3.0,2.765244449553841,Chicago,Marketing,Master,
,57740.06266837021,0.34772456456415163,11.0,2.2566696511678543,Boston,Engineering,Bachelor,
48.51878035457309,,0.009063576455491072,5.0,2.496851182956232,San Francisco,Finance,Master,104.58700854725474
31.773335713342036,42425.60885230814,0.2707572855994038,6.0,3.482547808483038,New York,HR,High School,
21.721689095099958,27377.231115983916,0.2061700110820898,8.0,4.050102708375904,Austin,Finance,Master,
65.88031763899832,47609.47498746615,,4.0,3.942232793071668,Chicago,HR,Bachelor,
35.71062120817386,28672.07328899771,0.3702785956345083,5.0,4.257694268316608,Boston,Finance,Bachelor,111.0979585401573
,41554.81927888495,0.20744051778707884,15.0,1.1287376128616087,New York,Engineering,High School,
34.71049895467996,104201.10662914954,0.33200075489313624,4.0,1.1909351587150243,New York,Engineering,PhD,
37.377017129214266,16232.423113219424,0.24355644163812606,5.0,4.157531842754517,San Francisco,Marketing,Master,
33.26767505691269,90391.25897070096,0.18292874408417037,14.0,3.1323152892985275,Chicago,Engineering,Bachelor,
,104160.8954079449,0.26544838867192216,5.0,3.312562695048481,San Francisco,Finance,Master,
28.437692705115296,33042.34429667806,0.3712972710645472,,1.2103474408575083,Chicago,Finance,Bachelor,
34.60696075740802,6650.95731740234,,13.0,2.0212552046850836,,Engineering,,
,22331.25197749333,0.016108664847518075,5.0,3.553417219541911,San Francisco,Sales,Bachelor,
26.44585060787403,102497.69989385716,,6.0,4.436727560442705,Chicago,Finance,Master,
,35657.17080304009,,8.0,4.66793358872561,San Francisco,Marketing,Bachelor,
31.940273390949738,16326.71846025833,0.03437692998017594,8.0,3.001677983340327,Chicago,Sales,Bachelor,
53.04791586299226,24250.19804211475,0.4080696401915166,6.0,3.1818969309527905,San Francisco,Engineering,Bachelor,
,71146.4723057899,0.28691050458305867,3.0,4.332198524275963,San Francisco,HR,Master,
48.09808222306954,56240.187171336984,0.6273568756267822,10.0,3.1504984029894185,San Francisco,Finance,Master,
49.95302230997155,29997.04994565506,0.13000318586576287,6.0,3.0674341021492695,San Francisco,HR,Bachelor,
10.119317211102206,27079.72225600114,0.3683496292231813,7.0,4.620336151043815,New York,Marketing,High School,
,26544.914943244923,,4.0,4.159730884223521,Chicago,Sales,Master,
30.5427096080505,17362.567112071116,0.5017603426553671,7.0,4.636290105445179,Austin,HR,Bachelor,
18.109859663386146,132230.32290931846,0.25704534872496765,10.0,1.8729882191246152,San Francisco,Marketing,Bachelor,
25.666199748909495,28061.21420981365,0.6041340990775811,4.0,3.097501946621427,New York,HR,,
21.673089854410055,96155.96779681543,0.07846811578243269,10.0,4.369888514373432,Boston,HR,Bachelor,
56.02724532108347,122645.4365054653,0.29559458383927883,7.0,1.4445913098684358,New York,Marketing,Bachelor,
46.228140717769534,80712.49851357004,0.36847770164693944,11.0,4.178648617175847,New York,Finance,Master,
50.258661139929906,25711.759898563705,0.39310715634519816,9.0,1.7318935336594778,San Francisco,HR,Master,
43.66006476851882,50160.54659461635,0.529186384271065,7.0,4.232475019941285,Chicago,Marketing,PhD,
21.451378745393253,35619.32173197136,0.3099658259229942,9.0,3.4480037502274725,New York,HR,PhD,
28.705756804642718,17624.381086703943,0.0567761306426929,6.0,1.7729439659394686,Chicago,Finance,High School,
40.872494734735014,47074.53263474959,,8.0,2.8934167173312044,San Francisco,Marketing,Bachelor,
20.334466293296657,14140.073918762562,,6.0,3.7276206658430864,New York,HR,,
43.555981162068655,93914.82286912641,0.6594625321905624,8.0,3.5354116035341696,San Francisco,Engineering,High School,
32.11609522210238,25041.91155011918,0.23492957049674604,10.0,2.7089887849268175,Chicago,Finance,Master,
30.502150309404833,42656.192025793585,0.2024783509487901,9.0,4.597466115683708,Chicago,HR,Master,
43.5315196184419,45552.933266140455,0.3411985011846299,7.0,3.077053657951377,New York,Sales,Bachelor,
,29521.556994414557,,13.0,3.0234691941147536,New York,Marketing,Bachelor,
30.66840601017104,58067.13041492022,0.2579043518687058,9.0,1.249002359765817,Chicago,HR,Bachelor,
48.91195764037098,24836.685041393728,0.32843642335088175,10.0,4.688481559190548,Austin,Finance,Master,129.87588695736252
22.027240068801234,72914.1381365327,0.4197319573933808,7.0,1.708466274713492,San Francisco,Finance,Bachelor,
42.39122728333116,12372.310813258913,0.13084133584036514,9.0,3.113378773746217,Chicago,Sales,Master,
42.11721509562061,40179.15724411476,0.32750574850149805,7.0,4.2142704056012406,New York,Sales,,
31.285442728232116,171295.1205777612,0.3090666018759184,,1.8618131078225733,San Francisco,HR,,
38.913596266905415,16313.282631359847,0.44329564184438064,10.0,3.1094931598833644,New York,Engineering,Bachelor,
19.986637083376362,,0.45195397183953334,6.0,1.9627396368933634,,Finance,,
46.08832423048281,54782.5110034811,0.17662501625710236,6.0,4.038779991199647,,Engineering,Bachelor,
32.78117436268413,41926.16716046288,0.06628959192412619,1.0,3.257364671492603,Austin,Engineering,,87.75468469377226
28.727323753771525,48074.35142271674,0.2660565893616861,10.0,4.423903441580574,Chicago,HR,Bachelor,
47.58811071004267,53709.74333226567,0.350135842218205,5.0,4.578232011509531,Austin,Marketing,Master,
26.54787571348689,60341.60881475531,0.5160959312188699,13.0,3.5949339297815923,,Marketing,Master,
18.098464443637283,88235.07807809599,0.1097055673936324,13.0,3.901564984635778,New York,Marketing,Bachelor,
16.320449917713155,50405.467259276375,0.0626399162903837,11.0,3.196880399547455,,Sales,Master,
42.272119416147675,29941.293984808224,0.13255741096760387,9.0,2.5377149322695316,Chicago,Finance,PhD,
19.6348477700446,62196.808116912565,0.05832776626883096,7.0,3.5924716920833384,,Sales,Master,
56.057530183812375,,,6.0,4.6331544939493154,New York,Finance,,
10.016847105395335,32659.563546743695,0.28860452011995313,9.0,2.666721521725752,San Francisco,Finance,,
55.357476419480456,16653.514534111273,,8.0,2.2576401054951813,Chicago,Finance,Master,
37.53220960643142,,0.13398942398866828,6.0,2.5537477542102964,New York,HR,High School,64.41202138985558
33.83944265755529,32981.26885483007,0.4067854267970843,,2.7415905208463984,,Marketing,High School,
28.460970958292606,6386.00632159421,0.1562944545151576,9.0,1.2942441159108649,San Francisco,Sales,Bachelor,
,71534.65822947069,0.29695838258246565,7.0,2.9937673617399776,New York,Sales,Master,
34.54838357090182,23664.64523819513,,10.0,2.9772569922002385,New York,HR,PhD,
48.239622584198266,33778.28347220512,,8.0,3.3537753105620927,New York,Finance,PhD,
36.37073178394448,47362.4151799177,0.16699735743790223,6.0,2.451280121885326,New York,Marketing,Master,
36.80362113754253,42293.967552957445,0.12969655149386994,7.0,3.452430383822359,Chicago,Engineering,Bachelor,
30.63665345343373,,0.1782872715496213,10.0,4.5128652410968115,New York,Engineering,Bachelor,
34.316652515347194,25632.360226355475,0.1707652951825317,5.0,4.821883961980657,New York,HR,Master,
,54747.37156279605,0.18526477559652793,9.0,3.3344488645641985,Austin,Marketing,Master,
14.477979288120496,29506.40560569949,0.2189311178868814,5.0,1.1703638158812524,,Engineering,,
18.821774934731444,65581.46470049572,,8.0,4.876943989068436,San Francisco,Engineering,PhD,
43.91916912827258,,,4.0,3.823448243585025,Chicago,Sales,Bachelor,
37.050385257535304,17182.540127517197,0.30110227435041076,7.0,2.3438545942146085,,Marketing,,
,86576.67296284244,0.24097964885512327,5.0,1.5886308038548935,New York,Engineering,Bachelor,
35.22120719678472,23652.621747540015,0.041859411542165034,16.0,1.5736744489450998,San Francisco,Sales,Master,
39.170980464340055,69317.0536018344,0.649237693775418,2.0,1.670977624558411,Chicago,Marketing,Master,
28.52288383628766,,0.2810720906179367,8.0,1.1822900864552812,San Francisco,Finance,Bachelor,
25.660343295172247,158031.07050405262,0.29134280698889403,9.0,4.608616754611646,Austin,Marketing,Bachelor,
37.350143061172176,30370.50584883761,,11.0,3.1630729313093453,Boston,HR,Bachelor,
23.259526668619614,27461.671919590237,0.18968961415942878,8.0,3.799837650855349,Boston,Sales,Bachelor,
39.899033068573665,,,6.0,4.3124340370732295,,Finance,,
14.568996749145915,28494.20960136416,0.4392210898888791,11.0,4.166164025332801,New York,Sales,Bachelor,
47.34986764790772,68868.4554708555,,7.0,4.530422494915366,Boston,Sales,Bachelor,
40.67116978895652,9966.168769752878,0.2672577269945208,10.0,4.8690184900998075,San Francisco,Engineering,Bachelor,
38.07235681176651,15631.666891887535,0.2819303733536357,10.0,2.756282458967758,New York,Marketing,PhD,
46.79229180734617,15456.07892293236,,8.0,4.801341866673562,Chicago,Sales,Bachelor,
,77671.68640217623,0.2236700886792262,7.0,3.8931597933712654,New York,Sales,Bachelor,
47.17244078021756,142698.70066542298,0.23061271313703677,3.0,1.2826727612323139,New York,HR,Master,
12.909509224020256,33404.323783097316,0.3531544202561912,13.0,3.7271324848493816,Austin,HR,Bachelor,
19.645076399171582,31727.611990774538,0.23214236376262246,7.0,3.7468666384193945,New York,HR,Bachelor,
27.502177067651854,38408.79429639846,0.2384389992838884,7.0,4.623442255170108,New York,Sales,,
35.313092602530006,91996.20839522852,0.36526332118874694,12.0,2.491728529880368,New York,Finance,Bachelor,
41.21190824562947,17294.044845599343,0.4133211757037022,,3.3396460010872713,,Marketing,PhD,
26.291074242158412,43945.04637030868,0.1412777499469272,7.0,1.04875020404697,New York,Sales,,
,,0.2789410612672031,7.0,2.328300968725344,San Francisco,Engineering,Master,
25.93540481176013,54223.80707704704,0.4770180100982217,6.0,1.2489749046351237,,Finance,Bachelor,
,42262.91612973252,0.361797462056256,9.0,3.087491891059588,Austin,Finance,PhD,
18.120066837821334,80889.30338169396,0.29619797335564774,6.0,4.269790602027813,New York,Marketing,Master,
23.921201046669147,4177.2740247971105,0.3462252555015791,7.0,1.8257707685162758,Austin,Finance,Bachelor,
,62461.163315070226,0.10846004019288348,11.0,3.109764182231114,New York,Marketing,Bachelor,
23.289520964272008,21520.030972087043,,10.0,1.8160345460430682,Chicago,Finance,Master,
47.64370155929407,8395.857282430907,,4.0,1.4827538713849617,San Francisco,Marketing,PhD,
23.607213334016684,54664.078888920725,0.29450633404439086,11.0,3.0439871677373698,New York,HR,High School,
66.58858477804868,108980.78226051475,0.5362160322633829,9.0,1.3165944837989105,,HR,Master,
40.91981481057067,32534.006928813826,,11.0,3.3494185245519574,New York,Finance,Master,
37.218033484338484,77831.35408324696,,4.0,1.125349842706905,New York,Finance,Bachelor,
24.69970663782544,131903.06904342354,0.16674076091080736,7.0,1.4268598874735021,San Francisco,Marketing,Master,
,103977.68240828131,0.12875606452853883,7.0,3.1999899419494313,Chicago,Marketing,High School,
28.092346085146712,134857.18701272184,0.3268563949085386,12.0,3.3656296515956554,New York,Sales,Master,
36.464117775744334,65755.72331433395,0.11576307637312196,7.0,1.1159477203750323,New York,HR,Bachelor,
65.72101445922553,38574.507550446695,0.3384170503055753,14.0,3.293507152006234,New York,Sales,Bachelor,
33.8472812033042,10081.197664422774,0.3598383820137326,7.0,4.3540101012945485,San Francisco,Sales,Bachelor,
48.791279915428106,29826.42455147483,0.1737830270834502,3.0,3.8892647091758157,San Francisco,Engineering,Master,
26.56188289848935,18497.719325183694,0.2783028816737725,9.0,1.5247404156831945,New York,Marketing,High School,
34.58013811403646,,0.6741949637316158,13.0,3.3698985902544596,New York,Engineering,,
56.24960762762612,,0.03635215677195359,6.0,3.6890100002968538,San Francisco,Engineering,,
27.47639530654679,40077.238970632374,0.22449436638611184,5.0,1.148924807009167,Austin,Sales,Master,
56.74938269596314,56454.388099864314,,6.0,4.421390674734491,,Engineering,High School,
43.493023225465706,37604.61108498875,0.34663607642548144,5.0,4.62506958915932,Austin,Marketing,Master,
28.25039868926879,140933.13434046827,0.4031675737816287,5.0,4.401809093449034,New York,Sales,Bachelor,
42.58889286866625,22067.925768230372,0.5280499551515648,6.0,4.298525871956453,Boston,Marketing,Bachelor,
46.67065339552076,42433.183472321085,0.4599431294093182,15.0,3.979860793843573,San Francisco,Finance,Master,
42.46171954660636,20050.783944397786,0.33546094783888003,7.0,3.5337281251278405,,Engineering,PhD,
,12631.917072303277,0.3901195855163728,9.0,3.7145080199530076,New York,Sales,Bachelor,
26.274353890101576,22260.84817661191,0.14652283416598802,10.0,4.225581173339933,San Francisco,HR,Master,
32.02977637338194,35255.27922804334,0.23358324898373145,10.0,3.6499938334452184,San Francisco,Marketing,Master,
34.10679885079944,25759.485839856436,0.5355852061194166,7.0,2.310907826728284,San Francisco,Engineering,Master,
42.44806517060814,20869.90015877801,,9.0,2.5038444086454157,Austin,Marketing,Bachelor,
37.132412011199044,11789.281250821168,,6.0,4.588229873489169,Chicago,Marketing,High School,
18.975867695478783,,0.2606005376897788,7.0,1.0684883431886476,Boston,Finance,Master,
39.56237421207156,10896.791867089894,0.14618807443405762,9.0,3.795282324977128,Chicago,Marketing,Master,
42.32702894340588,66705.63899285361,0.38358291962866264,7.0,4.819110209700861,San Francisco,Finance,Master,
41.71748537517248,38791.3205083043,0.037206287908734446,5.0,3.8249126798318946,New York,Finance,High School,
47.96936870665546,11315.84008349263,0.152659356786903,9.0,4.975647952927128,Boston,Finance,Master,
45.00706585458685,28357.100556995694,0.32909401726592674,5.0,3.7501796221133232,Chicago,Engineering,Master,
40.51016095074124,19896.01770832914,0.30340905103521687,8.0,1.1374521168674443,Chicago,Marketing,Bachelor,
34.15801146249623,46879.68047096795,0.26624277531706814,5.0,4.308039526587694,San Francisco,Marketing,Bachelor,
15.068468797808109,106123.66635724637,0.23935286409338105,12.0,2.1385196477572763,San Francisco,Finance,Bachelor,
40.15541862959103,8101.9659758907055,0.06726024683917943,6.0,2.784228902657764,Boston,Marketing,High School,
,39815.87031072154,0.542114890098092,9.0,2.2483676636283283,New York,Marketing,PhD,
38.258946046344484,31948.92342266357,0.166930655302071,1.0,2.074216424838718,New York,Finance,Bachelor,
19.679017090156286,62135.4563782975,0.3125025751898585,9.0,2.7256228146791415,New York,HR,Bachelor,
22.02732151510085,43068.93724113579,,8.0,2.515005793762695,Austin,HR,Bachelor,
47.637834239994845,19898.99555088812,0.42508896579516403,10.0,3.5333543273703576,New York,Finance,PhD,
34.52533815372014,28134.640425724807,0.6034669008975111,10.0,4.252604803950042,New York,Engineering,Bachelor,
43.178008368471495,19209.86665990717,0.1644219334624456,5.0,2.188354612748963,New York,Marketing,Master,
35.33982051356551,85888.5419539231,0.2086997984846618,12.0,1.8548846112880697,San Francisco,Marketing,High School,
35.35707367394892,36939.96546792502,0.48071818860732274,3.0,3.667581083481369,San Francisco,HR,,
46.259405671711974,166200.89535487234,0.25076845023001687,6.0,3.6812802633231265,New York,Finance,PhD,
,34595.23894902268,0.13701348082005577,6.0,4.604524957144687,Boston,Engineering,Master,
36.1534493232918,20604.702109460308,0.6245064211462499,8.0,1.0637827458132434,Boston,Finance,Master,
29.452696535539488,,,4.0,4.41216264846604,New York,HR,Master,
29.786045270812213,,0.2992083215716564,8.0,3.0840086917934277,Chicago,HR,Bachelor,
31.289934518376327,10226.025257797815,0.26848915928564887,,3.4852083566883953,Chicago,Marketing,High School,
37.665605259604554,,0.3144923311622377,6.0,1.365485762245659,New York,Sales,Master,
29.255016540038277,54555.83865289708,0.16635921230399522,5.0,2.7304597314881827,New York,Engineering,,
,10250.148152600006,,12.0,1.9092096289540952,San Francisco,Engineering,Bachelor,
24.264712373365953,74312.21745161216,0.3458810311827689,14.0,2.0169001203300363,San Francisco,Sales,Bachelor,
,24675.130638470706,0.3484719423435887,10.0,3.0163804587041096,New York,HR,,
,40840.69989373088,,7.0,4.249823801612449,Austin,Finance,Bachelor,
52.3637346122448,131896.98795266126,0.21571526754008652,3.0,3.9751237205794245,San Francisco,Engineering,PhD,
37.358657318138896,74419.36377064629,0.08269297157896618,4.0,3.3639998363438153,Chicago,Sales,Bachelor,
47.382134473623616,29295.098129521735,0.4167176195864318,14.0,3.157672771013868,New York,Marketing,Bachelor,
17.173275523556335,17801.646280424793,0.08798265186203791,6.0,2.70922417293796,San Francisco,Marketing,PhD,
38.20460319043111,,0.3530655050389947,10.0,4.890839894245545,San Francisco,HR,Master,
45.675569547481246,20428.31779756943,0.38241656334813184,,3.2407702169369332,San Francisco,Engineering,PhD,
35.98740787130509,30671.70382193698,0.2537913909739236,10.0,2.0158655932488885,Austin,Finance,Master,
47.78576450078421,16485.827943207198,0.6066784600310963,9.0,1.9203631681601583,Austin,Engineering,Bachelor,
28.792538598795534,32695.55537280168,,9.0,3.445412123100567,San Francisco,Marketing,Master,
51.912169282226955,38618.298841317715,0.4187109793560707,5.0,3.091310109243715,Chicago,Engineering,Bachelor,
62.58677748343101,,0.3403779918999732,8.0,1.0307912118188511,Boston,Marketing,Bachelor,127.0559969139144
30.64593727472409,21590.267973124097,0.4848744923943458,6.0,4.320261488783117,Chicago,Sales,Bachelor,
,41561.258969559174,0.6146509543014494,10.0,3.8164894169297385,New York,Sales,Master,
52.44061372541241,51717.55301761843,0.28244542696617414,,3.647317158712414,Chicago,Marketing,Bachelor,
53.95486574876855,15179.190731691257,,9.0,1.2751226307906358,New York,Finance,Bachelor,
,112279.42437797957,0.5366935287842728,8.0,2.4482234006899657,Austin,Finance,,
29.95775819484971,33561.32006129023,0.16882476789617254,,4.741529042931145,San Francisco,Engineering,Bachelor,
31.61858469367391,36867.27935718111,0.42193636570761517,5.0,4.450356965365454,San Francisco,Marketing,Bachelor,
18.866593867588676,63995.723423749936,0.32649520209421784,12.0,2.1421717514781338,New York,HR,Bachelor,
23.97617664218962,43764.26540382438,0.5665498107719812,,1.6282355363965548,San Francisco,Finance,Bachelor,
22.950310798975185,77847.67464498848,0.07146472311698869,10.0,2.7963518286743083,Boston,Finance,Bachelor,
25.78642921875046,45692.95155986408,0.06151737848121612,9.0,2.4233215146706435,New York,Sales,,
34.583781351358624,22248.950107196117,,14.0,3.7289055068239643,San Francisco,Finance,PhD,
37.81057679043824,48494.36187484781,0.27820649078075316,11.0,4.865739240337279,Boston,Finance,Master,
53.606005913768925,14545.23945942122,0.38762730112288585,10.0,2.452005799930246,San Francisco,Finance,Master,
23.01975151113451,,0.13732166561977882,14.0,1.248896690608968,San Francisco,Marketing,High School,
46.81186878171901,35362.81090403256,,10.0,4.5904560333695414,Chicago,Marketing,Bachelor,97.05102184438955
32.43213386929389,30745.733455147307,0.7027228461514909,,1.1517989209594832,,Sales,Bachelor,
34.40643548417081,32766.76409461878,0.20317663544645967,7.0,4.811063588613332,,Engineering,PhD,
43.097833905999245,8058.806628850339,0.46368862189199295,10.0,3.658317712036159,New York,Finance,Master,
21.527335741252415,23412.376547498036,,,4.766756833767797,Chicago,Engineering,,
39.58891695420861,39115.57174006446,,8.0,1.798638746595913,Boston,Marketing,High School,
36.99742649855667,41269.75200317795,0.08954028761679939,,1.1627991810152305,New York,Finance,Bachelor,
40.90941516809779,15960.303502322444,0.6489173234820785,12.0,2.9528399131059673,New York,Engineering,High School,
38.470023726893814,99964.08722233553,0.18626639539481832,4.0,2.802493658280501,San Francisco,Engineering,High School,
,18161.51586526298,,11.0,2.3259690930195314,Austin,HR,Bachelor,
27.34712018898421,78870.75352989473,0.5452485679678548,10.0,4.83062589755479,New York,Marketing,High School,
28.62803653997819,,0.20766620943513778,8.0,4.290334928645729,Austin,Sales,,
27.522313682902826,21655.573832105576,,8.0,3.646328085502373,New York,Sales,Master,
28.334274570076943,150278.98026344733,0.34274645549898514,13.0,1.651433166551311,Boston,HR,Bachelor,
27.351354472321788,13975.911710825065,0.2874598806858756,11.0,3.937293632874099,Chicago,Engineering,Bachelor,
49.26819837329062,75759.81901170062,0.4203342219883424,9.0,3.908049818798896,Chicago,HR,Master,
52.04605097587826,80859.29742988791,0.15739539363225663,6.0,2.70027269446403,San Francisco,HR,Bachelor,
28.151044475006284,21237.076672002742,0.1947627208764054,2.0,4.699143638856055,Austin,Marketing,Master,
25.011733122749256,110632.83891534453,0.3006972383626088,11.0,1.6679115289160418,New York,Finance,Master,74.33514865708051
40.65698667663685,29731.51247280324,0.41727790375865326,7.0,2.069350249646657,New York,Engineering,Bachelor,
28.373323468628342,45750.3583483534,,,1.2528973570025346,San Francisco,Sales,Bachelor,59.78843743276209
42.595181813066134,44723.63870979366,0.044377672256745285,6.0,4.18180383271035,Austin,Sales,Master,
37.435076250215594,32615.82916842237,0.3086928661865369,8.0,3.487037544381589,Austin,HR,,
16.811070620033217,69469.74538186386,,5.0,2.259761222724998,San Francisco,HR,Master,
53.57006241596074,68513.8351220842,0.2779642391875149,10.0,1.6552546543772615,Chicago,HR,Master,
56.55053207714626,8965.816169243612,0.24802811702810665,5.0,1.1605910801149615,,Engineering,Master,
,103101.80677090038,,4.0,1.6669822745037464,Austin,HR,Bachelor,
30.347581280768193,,0.28669068665997793,5.0,2.8131385853506328,Austin,HR,,
,82953.62232763939,0.45677590314148764,9.0,1.9887078760424246,Chicago,Finance,High School,
39.0134814798443,89443.65111130236,0.11575628162141428,10.0,2.035928709727867,San Francisco,Engineering,Master,
42.902531272073965,,0.21332273652689307,10.0,4.502305466670857,Boston,Marketing,Master,
59.1224544651962,26143.309074886252,0.10900919371050445,,3.0605506938444025,Austin,Marketing,Master,
,14994.462799174911,0.20700143984835262,11.0,3.9170078925136584,Chicago,Finance,Master,
25.420433065538553,30578.828694857428,,9.0,1.1428437961125724,San Francisco,Sales,Master,
18.448169263825672,28383.764060175625,0.1169248202694525,6.0,2.460653422712115,Chicago,Marketing,Master,
26.228839520696972,67760.07429817166,0.31549142985616624,12.0,2.9166773895817673,Chicago,Engineering,Master,
34.60247632551444,103595.27471369959,0.3162212044643837,8.0,1.7456674208407388,San Francisco,Sales,Bachelor,
56.53469436221345,110918.06434112736,0.13422725697303833,7.0,1.4807661657821547,San Francisco,HR,Master,
28.788664411565943,23161.937346713417,0.22304193248192525,5.0,4.481215113999371,San Francisco,Engineering,PhD,
,30718.56583165612,0.0438557121826687,10.0,4.757726508399186,Chicago,Sales,Bachelor,
34.80292524712698,9445.081853441352,0.1366266134402893,9.0,1.3152267921816296,San Francisco,Marketing,High School,
49.26071928137701,19059.176046288016,0.1935168773138802,8.0,2.3960748501697724,New York,HR,Bachelor,
65.32318911048345,78580.692557314,0.1753686069103065,9.0,4.833142512577895,Austin,HR,,
28.629574724956154,132252.2362497672,0.05910023636451087,7.0,1.3326469325298596,San Francisco,Engineering,Master,
,13528.054273330785,0.10248072450369504,2.0,3.574565491514905,New York,HR,PhD,104.55140565630194
47.52993052482886,,0.22215603808345902,4.0,4.888885483868022,San Francisco,Sales,Master,
43.182697875515736,35556.3981252958,0.5000285008772033,7.0,4.912894674325498,Austin,Finance,Bachelor,
57.1604879088324,45439.13090745138,0.4009126906691318,4.0,2.884893323614973,Austin,Marketing,Bachelor,
42.00713822391157,19002.33573592629,0.2714066205793128,,1.6509964311295224,San Francisco,Engineering,Master,
,50983.066928795306,0.36171810344678385,9.0,1.8083372599097554,Boston,Finance,,
42.08785796830771,24857.84118368521,0.5252706323941251,4.0,4.5584055804975785,New York,Finance,Master,
48.30444296699489,,0.09372930398294126,10.0,4.646732017318944,,Engineering,Master,
44.84578617436837,56219.97492264936,0.5416592873103925,7.0,3.431518575494219,New York,Sales,Master,
41.08728837328758,36502.56517428749,0.3759627633583411,11.0,4.064705597879645,New York,Marketing,Bachelor,
,25613.9214059367,,4.0,3.9597250058816327,San Francisco,Engineering,Bachelor,
49.03154708534807,33266.69937539724,0.10113053816123035,16.0,3.647286391956428,San Francisco,Finance,Bachelor,
51.58590789245032,33836.98224666823,0.1982753755768706,8.0,4.309107819487757,San Francisco,Finance,Bachelor,91.25935415341073
,,0.4417852325659172,5.0,3.7416264921612843,Austin,Engineering,Master,
32.994583036197746,29524.12928518159,0.2546060207547748,,3.136009222989997,Austin,Finance,PhD,
36.76056423719987,130472.49749942869,0.23121024686283925,4.0,1.947825450352627,San Francisco,Engineering,Bachelor,
49.47810759810028,56882.07580953636,0.5268198911496275,8.0,3.975552576474476,San Francisco,Engineering,Bachelor,
25.196771948153167,28670.2633838775,0.23330830747946868,9.0,2.893751471353098,New York,Marketing,Bachelor,
,63421.837653864,,9.0,2.1791667360300373,New York,Engineering,PhD,
30.279934252071673,27804.256742621124,0.524666091044456,10.0,4.207785102967101,Chicago,Finance,Bachelor,
35.34493787521781,92827.63914732251,,6.0,3.7868544014121133,New York,HR,High School,
50.341422351287584,48811.13557186956,0.13000533513897375,7.0,4.7493582524988,Chicago,Marketing,Bachelor,
37.29318881623884,33328.170682985605,0.2266906582078569,9.0,1.661766560075511,San Francisco,Finance,,
,51957.09395138574,0.39422686523611117,7.0,3.5967571385459727,New York,Finance,Bachelor,
18.681726308240968,,0.5965756479476296,11.0,1.976957872352704,San Francisco,Marketing,Master,
43.95504279232665,14743.919284524616,,2.0,4.614331941206567,New York,Marketing,Master,
42.7458101736929,13972.69007950677,,17.0,1.3979976570264627,San Francisco,Finance,Master,
60.95905667966552,,0.23855608755377553,12.0,3.624647225779509,Austin,HR,Bachelor,
,145221.00008331376,0.5207941326840836,8.0,4.16434288611212,San Francisco,Sales,Bachelor,
,216433.82401544825,0.14495928591700535,3.0,2.4196713614588288,New York,Finance,Bachelor,
37.992604204529066,60502.55540055325,0.5300851166238832,9.0,4.816552317535237,Chicago,Marketing,Master,
53.92943935716169,,,9.0,4.402922738344149,New York,Engineering,Bachelor,
33.85645361135658,8596.873010381334,0.21296874618134354,6.0,2.1784731987396135,Chicago,Engineering,Master,
38.34825830924407,23525.98797098039,0.0688574819054234,6.0,1.0301643708639947,,Marketing,Bachelor,
42.29475811659847,19336.948958563364,0.3495093655024614,10.0,2.1866287044722434,San Francisco,Marketing,Bachelor,
37.2393094778763,22099.757650369946,0.2538970213381382,3.0,2.12524188188297,Austin,Sales,Master,
29.64279662539366,31744.82329282606,,4.0,4.559858430003636,Chicago,Marketing,Bachelor,
37.32907991477969,24892.642026556805,,10.0,4.86848471301899,New York,Engineering,Master,
47.883580998317264,7454.403061051871,0.21800874720101784,6.0,1.2817599438810414,New York,HR,,
22.681816407067277,66060.62796599195,0.5118208698936791,12.0,2.885179314133267,Austin,Marketing,Bachelor,
36.595636089762515,15395.115756203075,0.36383550059999703,9.0,3.193327994119183,New York,Sales,High School,
26.598550220729923,43975.92004064134,0.5445112071782319,9.0,1.3716466453188132,San Francisco,HR,Bachelor,
,190854.4044158586,0.021424560859513435,10.0,2.5099908365500903,Chicago,Sales,Master,
16.721757142594704,17404.643662124792,0.30393615862501594,6.0,2.2683296695718025,,HR,PhD,
28.29293783274094,4797.115034882561,0.6520465348706163,9.0,3.1442254173083493,Austin,Marketing,Bachelor,
39.52654250077425,28888.43504322733,,7.0,3.644763598927752,Chicago,Engineering,PhD,
53.786288350812086,87620.2757082391,0.2987765014304245,12.0,3.8139404419862664,Chicago,HR,Bachelor,
34.210996867124145,173976.92655126133,0.09442851918802522,8.0,1.5470200944535502,,Finance,Master,
28.33760567968162,13580.094019084112,0.6359035595895273,,4.251790807778486,Chicago,Sales,Master,
57.57388483328708,54033.493247033264,0.21821606088093293,6.0,3.714168119163036,San Francisco,HR,High School,
17.623833195005073,25028.028968868177,0.31548241620622397,11.0,4.556299666986878,San Francisco,Sales,,
,33364.28570366757,0.2607079261211888,7.0,2.7973442377417364,Chicago,Engineering,Master,
40.28017340063999,301183.4051521425,0.4224273898295277,6.0,4.575559050888766,Austin,Sales,Master,
28.975349307768667,,0.17082926524558278,8.0,4.463096489424302,New York,Sales,Bachelor,
,44488.754537482186,,8.0,2.7536373294370784,San Francisco,Finance,Master,
,52794.090306258986,0.2651574433650202,8.0,2.5245732611719145,Boston,Sales,Bachelor,
37.925608565254386,86563.1132617936,0.06069065270309632,9.0,4.731248059881027,Chicago,HR,Master,
28.23105643115926,39276.6912042785,,6.0,3.8606589381537506,New York,Sales,Master,
19.636347215949268,46464.34074122112,,12.0,4.712981385752302,Chicago,Marketing,PhD,
45.469487939361734,26547.24211311835,0.04610898882254193,5.0,4.187899115583252,Boston,Sales,Master,
,45039.78787032,0.22876947246039814,6.0,3.4371897571656573,Austin,Marketing,PhD,
33.809889634647405,27596.55374512754,,9.0,1.463411108015058,Chicago,Sales,Bachelor,
57.15964395257199,59710.16255136976,0.2880155464028137,11.0,2.165922690316394,New York,Sales,Bachelor,
22.15898280408617,27019.435818857586,0.41482868396751027,13.0,4.875369628393566,Austin,HR,Master,
16.693697948903136,49103.2407726981,,6.0,2.277688394856818,San Francisco,Marketing,Master,
26.697103161425066,35475.221613860595,0.32382135747885105,11.0,1.3730194791414831,Austin,Marketing,Master,
,,0.31353705931765424,5.0,3.830213423677279,San Francisco,Finance,Master,
37.9200733918723,,0.4400307639755862,7.0,3.936017018174737,New York,Sales,Bachelor,
32.105167305724045,8791.793648475938,0.3212658186958191,6.0,2.141830881148603,,Sales,Master,
39.22466475817156,99661.74692912029,0.18063380661030148,10.0,2.190687917385215,New York,HR,Bachelor,
19.981526909714667,17595.77612472363,0.04570184569445863,5.0,2.8755719420351356,Chicago,Finance,Bachelor,
52.32517524887912,21525.357313338045,,6.0,1.0871557990490222,Boston,Finance,Bachelor,
34.01418585928917,22549.562981500065,0.6518362739185918,8.0,4.157292041444654,Chicago,HR,Master,
48.407549979057535,109048.76805895385,0.19314955151795596,6.0,2.2683551490965024,Austin,Marketing,Master,
,6577.832934525143,0.20605113739292036,3.0,4.41505240800791,San Francisco,Engineering,Bachelor,
,446948.5770976069,0.04119536324293344,6.0,4.210521686400135,Austin,HR,Master,
41.837207362786444,84528.6194106682,0.2056788360416841,7.0,3.6456081324751324,Austin,Marketing,Bachelor,
40.37250272020778,43416.339321682746,0.2510978723204845,11.0,2.299499468397155,Chicago,Finance,PhD,
42.71267311841053,34755.21110155136,0.13708514515114265,,3.06526624664468,,HR,Master,
50.94983036158918,45635.59394043051,0.1302740052424783,9.0,2.779317030391836,Chicago,Engineering,Bachelor,
37.35825403641764,55099.6114120621,,4.0,2.355527544994697,Chicago,Sales,High School,
43.50804509106215,,0.2461114000692543,7.0,4.392545157212712,New York,HR,,
33.92317166855328,56640.72751347951,,9.0,2.934028298310661,Austin,Engineering,Master,
52.281406585393675,,0.4861145992171175,9.0,4.330892391188586,Boston,Engineering,Master,
26.883292375288764,31011.99250797584,0.014780399990921693,6.0,1.4208738965672971,San Francisco,HR,Bachelor,
56.611285194929785,32176.16928046491,0.4539745004458398,6.0,1.564099154401343,Chicago,Marketing,Master,
34.51810459226788,31072.34193764548,0.14232334105250088,7.0,4.909281220451907,Chicago,HR,,
17.83069877458342,89950.61509054476,0.2414851680834714,7.0,3.3510738504243585,Chicago,Finance,PhD,90.03745679569816
36.53725297892947,58386.815294638705,,6.0,3.039078693996196,San Francisco,Engineering,Bachelor,
26.82738011030143,3455.3847566329105,0.2810880917112684,13.0,3.0926242525764467,Austin,Engineering,Bachelor,
45.08772258786469,61372.714199860115,0.20612937316352536,6.0,1.8610750961314393,,Sales,Master,
27.168512248371307,42437.553958210796,0.18514483032691872,7.0,3.874815798007892,New York,Engineering,,
,35776.01568164424,0.2459328891129591,6.0,1.3391224949190175,Austin,Sales,Master,
12.325511228653628,26613.802136961873,0.4382524363063503,10.0,3.293294852412093,,Engineering,PhD,
,89258.34315390086,0.3490695177338801,2.0,3.2830751863436056,Austin,Engineering,,
5.91344808045252,77499.06646827827,0.11797091530700017,5.0,4.656753696534044,New York,HR,Bachelor,
15.99316611817132,,0.5547513375151625,8.0,3.1047312404194414,New York,HR,Master,
44.12497587373157,,0.07677377226121533,5.0,1.548250783896718,Boston,Finance,High School,
44.42960190380999,16691.82925265539,,5.0,3.2910130369926502,New York,Marketing,Bachelor,
40.10549074141958,12043.802221887647,,8.0,1.3653105774613294,Austin,Finance,Master,
23.396286282449445,21996.22705928822,0.08133912099374861,,1.8151753411996867,Austin,Engineering,Bachelor,
34.42746372629624,,0.45553429315943345,6.0,1.1244343367496645,Chicago,Finance,PhD,
34.95676953091318,77846.95293579763,0.3740042746314323,3.0,3.053174329837993,New York,HR,,
21.09962372968949,54746.47905307007,,7.0,1.3381304611742895,Chicago,Engineering,PhD,
53.04077962120581,64865.8538543145,,8.0,2.877577514125316,Austin,Engineering,High School,
45.528347486908054,,0.26731000106425495,7.0,4.731780141296577,San Francisco,Finance,Bachelor,
32.34842991404403,21737.947039742634,0.16045474274024674,10.0,3.879045652077328,San Francisco,Sales,Bachelor,
,,0.30505491860505535,13.0,1.3096466969011722,,Marketing,Bachelor,
37.50059369537063,68894.22388525825,0.10389755243693717,9.0,1.8968392488353727,New York,Finance,Bachelor,
10.499181578908512,66398.72037718284,,5.0,3.694649679573737,Austin,Finance,Master,
32.033871409752834,94007.58008280126,0.28277292831949336,5.0,4.578807444096735,Austin,Marketing,PhD,
26.816189024026418,64000.301787530225,0.21349160042160203,6.0,1.131674347055815,Boston,Engineering,Bachelor,
22.980559881261016,48105.82574085623,,14.0,4.249804526882376,Chicago,Engineering,Master,94.76665023508717
31.62679648536854,85487.05078546525,0.5734595733853664,10.0,3.247255521353235,Austin,Sales,,
56.57223832219427,35553.11280075328,0.1639735907199302,9.0,3.1843653011855704,New York,Finance,,
42.690114335204115,17934.836595882,0.41380820189462775,9.0,4.831252731013432,Chicago,Marketing,,
28.14585212260644,31874.016556169834,0.2933154218576188,3.0,3.9905784503870922,Chicago,Finance,Master,
,20011.81011797431,,4.0,4.400475472224448,Boston,HR,Master,
